Processing 30 files
Start Processing: com/tfar/dankstorage/DankStorage.java
New Key: class net/minecraftforge/fml/common/Mod
FOUND CONSTR method com/tfar/dankstorage/DankStorage/DankStorage ()V com/tfar/dankstorage/DankStorage
New Key: class net/minecraftforge/fml/common/Mod
New Key: class net/minecraftforge/fml/common/Mod
New Key: class net/minecraftforge/event/RegistryEvent
Rename field net/minecraft/block/material/Material/IRON[2496,2500]::IRON->field_151573_f
Rename method net/minecraft/block/Block/setCreativeTab (Lnet/minecraft/creativetab/CreativeTabs;)Lnet/minecraft/block/Block;[2512,2526]::setCreativeTab->func_149647_a
Rename field net/minecraft/creativetab/CreativeTabs/DECORATIONS[2539,2550]::DECORATIONS->field_78031_c
New Key: class net/minecraftforge/event/RegistryEvent
Rename method net/minecraft/item/Item/setCreativeTab (Lnet/minecraft/creativetab/CreativeTabs;)Lnet/minecraft/item/Item;[2784,2798]::setCreativeTab->func_77637_a
Rename field net/minecraft/creativetab/CreativeTabs/DECORATIONS[2810,2821]::DECORATIONS->field_78031_c
Rename method net/minecraft/item/Item/setMaxStackSize (I)Lnet/minecraft/item/Item;[2825,2840]::setMaxStackSize->func_77625_d
Rename method net/minecraft/util/ResourceLocation/getPath ()Ljava/lang/String;[2866,2873]::getPath->func_110623_a
New Key: class com/tfar/dankstorage/tile/DankTiles
New Key: class com/tfar/dankstorage/tile/DankTiles
New Key: class com/tfar/dankstorage/tile/DankTiles
New Key: class com/tfar/dankstorage/tile/DankTiles
New Key: class com/tfar/dankstorage/tile/DankTiles
New Key: class com/tfar/dankstorage/tile/DankTiles
New Key: class com/tfar/dankstorage/tile/DankTiles
Rename method net/minecraft/block/Block/setTranslationKey (Ljava/lang/String;)Lnet/minecraft/block/Block;[3946,3963]::setTranslationKey->func_149663_c
New Key: class net/minecraftforge/fml/common/registry/GameRegistry
Import: com.tfar.dankstorage.block.DankItemBlock
Import: com.tfar.dankstorage.block.DankBlock
Import: com.tfar.dankstorage.capability.CapabilityDankStorage
Import: com.tfar.dankstorage.network.DankPacketHandler
Import: com.tfar.dankstorage.tile.AbstractDankStorageTile
Import: com.tfar.dankstorage.tile.DankTiles
Import: net.minecraft.block.Block
Import: net.minecraft.block.material.Material
Import: net.minecraft.creativetab.CreativeTabs
Import: net.minecraft.item.Item
Import: net.minecraft.util.ResourceLocation
Import: net.minecraftforge.event.RegistryEvent
Import: net.minecraftforge.fml.common.Mod
Import: net.minecraftforge.fml.common.event.FMLPreInitializationEvent
Import: net.minecraftforge.fml.common.eventhandler.SubscribeEvent
Import: net.minecraftforge.fml.common.network.NetworkRegistry
Import: net.minecraftforge.fml.common.registry.GameRegistry
Import: net.minecraftforge.registries.IForgeRegistry
Import: net.minecraftforge.registries.IForgeRegistryEntry
Import: org.apache.logging.log4j.LogManager
Import: org.apache.logging.log4j.Logger
Import: java.util.HashSet
Import: java.util.Set
End  Processing: com/tfar/dankstorage/DankStorage.java

Start Processing: com/tfar/dankstorage/GuiHandler.java
Rename method net/minecraft/world/IBlockAccess/getTileEntity (Lnet/minecraft/util/math/BlockPos;)Lnet/minecraft/tileentity/TileEntity;[1385,1398]::getTileEntity->func_175625_s
New Key: class com/tfar/dankstorage/container/DankContainers
Rename field net/minecraft/entity/player/EntityPlayer/inventory[1767,1776]::inventory->field_71071_by
New Key: class com/tfar/dankstorage/container/DankContainers
Rename field net/minecraft/entity/player/EntityPlayer/inventory[1889,1898]::inventory->field_71071_by
New Key: class com/tfar/dankstorage/container/DankContainers
Rename field net/minecraft/entity/player/EntityPlayer/inventory[2011,2020]::inventory->field_71071_by
New Key: class com/tfar/dankstorage/container/DankContainers
Rename field net/minecraft/entity/player/EntityPlayer/inventory[2133,2142]::inventory->field_71071_by
New Key: class com/tfar/dankstorage/container/DankContainers
Rename field net/minecraft/entity/player/EntityPlayer/inventory[2255,2264]::inventory->field_71071_by
New Key: class com/tfar/dankstorage/container/DankContainers
Rename field net/minecraft/entity/player/EntityPlayer/inventory[2377,2386]::inventory->field_71071_by
New Key: class com/tfar/dankstorage/container/DankContainers
Rename field net/minecraft/entity/player/EntityPlayer/inventory[2499,2508]::inventory->field_71071_by
Rename method net/minecraft/entity/EntityLivingBase/getHeldItemMainhand ()Lnet/minecraft/item/ItemStack;[2622,2641]::getHeldItemMainhand->func_184614_ca
Rename method net/minecraft/item/ItemStack/getItem ()Lnet/minecraft/item/Item;[2657,2664]::getItem->func_77973_b
Rename method net/minecraft/entity/EntityLivingBase/getHeldItemOffhand ()Lnet/minecraft/item/ItemStack;[2722,2740]::getHeldItemOffhand->func_184592_cb
Rename method net/minecraft/item/ItemStack/getItem ()Lnet/minecraft/item/Item;[2759,2766]::getItem->func_77973_b
New Key: class com/tfar/dankstorage/container/DankContainers
Rename field net/minecraft/entity/player/EntityPlayer/inventory[3037,3046]::inventory->field_71071_by
New Key: class com/tfar/dankstorage/container/DankContainers
Rename field net/minecraft/entity/player/EntityPlayer/inventory[3159,3168]::inventory->field_71071_by
New Key: class com/tfar/dankstorage/container/DankContainers
Rename field net/minecraft/entity/player/EntityPlayer/inventory[3281,3290]::inventory->field_71071_by
New Key: class com/tfar/dankstorage/container/DankContainers
Rename field net/minecraft/entity/player/EntityPlayer/inventory[3403,3412]::inventory->field_71071_by
New Key: class com/tfar/dankstorage/container/DankContainers
Rename field net/minecraft/entity/player/EntityPlayer/inventory[3525,3534]::inventory->field_71071_by
New Key: class com/tfar/dankstorage/container/DankContainers
Rename field net/minecraft/entity/player/EntityPlayer/inventory[3647,3656]::inventory->field_71071_by
New Key: class com/tfar/dankstorage/container/DankContainers
Rename field net/minecraft/entity/player/EntityPlayer/inventory[3769,3778]::inventory->field_71071_by
Rename method net/minecraft/world/IBlockAccess/getTileEntity (Lnet/minecraft/util/math/BlockPos;)Lnet/minecraft/tileentity/TileEntity;[4558,4571]::getTileEntity->func_175625_s
New Key: class com/tfar/dankstorage/screen/DankScreens
New Key: class com/tfar/dankstorage/container/DankContainers
Rename field net/minecraft/entity/player/EntityPlayer/inventory[4975,4984]::inventory->field_71071_by
Rename field net/minecraft/entity/player/EntityPlayer/inventory[5016,5025]::inventory->field_71071_by
New Key: class com/tfar/dankstorage/screen/DankScreens
New Key: class com/tfar/dankstorage/container/DankContainers
Rename field net/minecraft/entity/player/EntityPlayer/inventory[5156,5165]::inventory->field_71071_by
Rename field net/minecraft/entity/player/EntityPlayer/inventory[5197,5206]::inventory->field_71071_by
New Key: class com/tfar/dankstorage/screen/DankScreens
New Key: class com/tfar/dankstorage/container/DankContainers
Rename field net/minecraft/entity/player/EntityPlayer/inventory[5337,5346]::inventory->field_71071_by
Rename field net/minecraft/entity/player/EntityPlayer/inventory[5378,5387]::inventory->field_71071_by
New Key: class com/tfar/dankstorage/screen/DankScreens
New Key: class com/tfar/dankstorage/container/DankContainers
Rename field net/minecraft/entity/player/EntityPlayer/inventory[5518,5527]::inventory->field_71071_by
Rename field net/minecraft/entity/player/EntityPlayer/inventory[5559,5568]::inventory->field_71071_by
New Key: class com/tfar/dankstorage/screen/DankScreens
New Key: class com/tfar/dankstorage/container/DankContainers
Rename field net/minecraft/entity/player/EntityPlayer/inventory[5699,5708]::inventory->field_71071_by
Rename field net/minecraft/entity/player/EntityPlayer/inventory[5740,5749]::inventory->field_71071_by
New Key: class com/tfar/dankstorage/screen/DankScreens
New Key: class com/tfar/dankstorage/container/DankContainers
Rename field net/minecraft/entity/player/EntityPlayer/inventory[5880,5889]::inventory->field_71071_by
Rename field net/minecraft/entity/player/EntityPlayer/inventory[5921,5930]::inventory->field_71071_by
New Key: class com/tfar/dankstorage/screen/DankScreens
New Key: class com/tfar/dankstorage/container/DankContainers
Rename field net/minecraft/entity/player/EntityPlayer/inventory[6061,6070]::inventory->field_71071_by
Rename field net/minecraft/entity/player/EntityPlayer/inventory[6102,6111]::inventory->field_71071_by
Rename method net/minecraft/entity/EntityLivingBase/getHeldItemMainhand ()Lnet/minecraft/item/ItemStack;[6208,6227]::getHeldItemMainhand->func_184614_ca
Rename method net/minecraft/item/ItemStack/getItem ()Lnet/minecraft/item/Item;[6243,6250]::getItem->func_77973_b
Rename method net/minecraft/entity/EntityLivingBase/getHeldItemOffhand ()Lnet/minecraft/item/ItemStack;[6308,6326]::getHeldItemOffhand->func_184592_cb
Rename method net/minecraft/item/ItemStack/getItem ()Lnet/minecraft/item/Item;[6345,6352]::getItem->func_77973_b
New Key: class com/tfar/dankstorage/screen/DankScreens
New Key: class com/tfar/dankstorage/container/DankContainers
Rename field net/minecraft/entity/player/EntityPlayer/inventory[6664,6673]::inventory->field_71071_by
Rename field net/minecraft/entity/player/EntityPlayer/inventory[6705,6714]::inventory->field_71071_by
New Key: class com/tfar/dankstorage/screen/DankScreens
New Key: class com/tfar/dankstorage/container/DankContainers
Rename field net/minecraft/entity/player/EntityPlayer/inventory[6853,6862]::inventory->field_71071_by
Rename field net/minecraft/entity/player/EntityPlayer/inventory[6894,6903]::inventory->field_71071_by
New Key: class com/tfar/dankstorage/screen/DankScreens
New Key: class com/tfar/dankstorage/container/DankContainers
Rename field net/minecraft/entity/player/EntityPlayer/inventory[7042,7051]::inventory->field_71071_by
Rename field net/minecraft/entity/player/EntityPlayer/inventory[7083,7092]::inventory->field_71071_by
New Key: class com/tfar/dankstorage/screen/DankScreens
New Key: class com/tfar/dankstorage/container/DankContainers
Rename field net/minecraft/entity/player/EntityPlayer/inventory[7231,7240]::inventory->field_71071_by
Rename field net/minecraft/entity/player/EntityPlayer/inventory[7272,7281]::inventory->field_71071_by
New Key: class com/tfar/dankstorage/screen/DankScreens
New Key: class com/tfar/dankstorage/container/DankContainers
Rename field net/minecraft/entity/player/EntityPlayer/inventory[7420,7429]::inventory->field_71071_by
Rename field net/minecraft/entity/player/EntityPlayer/inventory[7461,7470]::inventory->field_71071_by
New Key: class com/tfar/dankstorage/screen/DankScreens
New Key: class com/tfar/dankstorage/container/DankContainers
Rename field net/minecraft/entity/player/EntityPlayer/inventory[7609,7618]::inventory->field_71071_by
Rename field net/minecraft/entity/player/EntityPlayer/inventory[7650,7659]::inventory->field_71071_by
New Key: class com/tfar/dankstorage/screen/DankScreens
New Key: class com/tfar/dankstorage/container/DankContainers
Rename field net/minecraft/entity/player/EntityPlayer/inventory[7798,7807]::inventory->field_71071_by
Rename field net/minecraft/entity/player/EntityPlayer/inventory[7839,7848]::inventory->field_71071_by
Import: com.tfar.dankstorage.block.DankItemBlock
Import: com.tfar.dankstorage.container.DankContainers
Import: com.tfar.dankstorage.inventory.DankHandler
Import: com.tfar.dankstorage.inventory.PortableDankHandler
Import: com.tfar.dankstorage.screen.DankScreens
Import: com.tfar.dankstorage.util.DankConstants
Import: com.tfar.dankstorage.util.Utils
Import: com.tfar.dankstorage.tile.AbstractDankStorageTile
Import: net.minecraft.entity.player.EntityPlayer
Import: net.minecraft.item.ItemStack
Import: net.minecraft.tileentity.TileEntity
Import: net.minecraft.util.math.BlockPos
Import: net.minecraft.world.World
Import: net.minecraftforge.fml.common.network.IGuiHandler
Import: javax.annotation.Nullable
End  Processing: com/tfar/dankstorage/GuiHandler.java

Start Processing: com/tfar/dankstorage/block/DankBlock.java
FOUND CONSTR method com/tfar/dankstorage/block/DankBlock/DankBlock (Lnet/minecraft/block/material/Material;)V com/tfar/dankstorage/block/DankBlock
Rename method net/minecraft/block/Block/onBlockActivated (Lnet/minecraft/world/World;Lnet/minecraft/util/math/BlockPos;Lnet/minecraft/block/state/IBlockState;Lnet/minecraft/entity/player/EntityPlayer;Lnet/minecraft/util/EnumHand;Lnet/minecraft/util/EnumFacing;FFF)Z[1749,1765]::onBlockActivated->func_180639_a
Rename field net/minecraft/world/World/isRemote[1918,1926]::isRemote->field_72995_K
Rename method net/minecraft/world/IBlockAccess/getTileEntity (Lnet/minecraft/util/math/BlockPos;)Lnet/minecraft/tileentity/TileEntity;[1972,1985]::getTileEntity->func_175625_s
Rename method net/minecraft/util/math/Vec3i/getX ()I[2134,2138]::getX->func_177958_n
Rename method net/minecraft/util/math/Vec3i/getY ()I[2155,2159]::getY->func_177956_o
Rename method net/minecraft/util/math/Vec3i/getZ ()I[2176,2180]::getZ->func_177952_p
Rename method net/minecraft/block/Block/getItemDropped (Lnet/minecraft/block/state/IBlockState;Ljava/util/Random;I)Lnet/minecraft/item/Item;[2263,2277]::getItemDropped->func_180660_a
Rename field net/minecraft/init/Items/AIR[2342,2345]::AIR->field_190931_a
Rename method net/minecraft/block/Block/onBlockHarvested (Lnet/minecraft/world/World;Lnet/minecraft/util/math/BlockPos;Lnet/minecraft/block/state/IBlockState;Lnet/minecraft/entity/player/EntityPlayer;)V[2393,2409]::onBlockHarvested->func_176208_a
Rename method net/minecraft/world/IBlockAccess/getTileEntity (Lnet/minecraft/util/math/BlockPos;)Lnet/minecraft/tileentity/TileEntity;[2511,2524]::getTileEntity->func_175625_s
Rename field net/minecraft/world/World/isRemote[2590,2598]::isRemote->field_72995_K
Rename method net/minecraft/nbt/NBTTagCompound/setBoolean (Ljava/lang/String;Z)V[2789,2799]::setBoolean->func_74757_a
Rename method net/minecraft/nbt/NBTTagCompound/setBoolean (Ljava/lang/String;Z)V[2864,2874]::setBoolean->func_74757_a
Rename method net/minecraft/nbt/NBTTagCompound/setInteger (Ljava/lang/String;I)V[2937,2947]::setInteger->func_74768_a
Rename method net/minecraft/item/ItemStack/setTagCompound (Lnet/minecraft/nbt/NBTTagCompound;)V[3025,3039]::setTagCompound->func_77982_d
Rename method net/minecraft/util/math/Vec3i/getX ()I[3100,3104]::getX->func_177958_n
Rename method net/minecraft/util/math/Vec3i/getY ()I[3124,3128]::getY->func_177956_o
Rename method net/minecraft/util/math/Vec3i/getZ ()I[3149,3153]::getZ->func_177952_p
Rename method net/minecraft/world/World/spawnEntity (Lnet/minecraft/entity/Entity;)Z[3188,3199]::spawnEntity->func_72838_d
Rename method net/minecraft/block/Block/onBlockPlacedBy (Lnet/minecraft/world/World;Lnet/minecraft/util/math/BlockPos;Lnet/minecraft/block/state/IBlockState;Lnet/minecraft/entity/EntityLivingBase;Lnet/minecraft/item/ItemStack;)V[3256,3271]::onBlockPlacedBy->func_180633_a
Rename method net/minecraft/world/IBlockAccess/getTileEntity (Lnet/minecraft/util/math/BlockPos;)Lnet/minecraft/tileentity/TileEntity;[3397,3410]::getTileEntity->func_175625_s
Rename field net/minecraft/world/World/isRemote[3474,3482]::isRemote->field_72995_K
Rename method net/minecraft/item/ItemStack/hasTagCompound ()Z[3526,3540]::hasTagCompound->func_77942_o
Rename method net/minecraft/item/ItemStack/getTagCompound ()Lnet/minecraft/nbt/NBTTagCompound;[3601,3615]::getTagCompound->func_77978_p
Rename method net/minecraft/item/ItemStack/getTagCompound ()Lnet/minecraft/nbt/NBTTagCompound;[3673,3687]::getTagCompound->func_77978_p
Rename method net/minecraft/nbt/NBTTagCompound/getBoolean (Ljava/lang/String;)Z[3688,3698]::getBoolean->func_74767_n
Rename method net/minecraft/item/ItemStack/getTagCompound ()Lnet/minecraft/nbt/NBTTagCompound;[3767,3781]::getTagCompound->func_77978_p
Rename method net/minecraft/nbt/NBTTagCompound/getBoolean (Ljava/lang/String;)Z[3782,3792]::getBoolean->func_74767_n
Rename method net/minecraft/item/ItemStack/getTagCompound ()Lnet/minecraft/nbt/NBTTagCompound;[3865,3879]::getTagCompound->func_77978_p
Rename method net/minecraft/nbt/NBTTagCompound/getInteger (Ljava/lang/String;)I[3880,3890]::getInteger->func_74762_e
Rename method net/minecraft/entity/EntityLivingBase/getHeldItem (Lnet/minecraft/util/EnumHand;)Lnet/minecraft/item/ItemStack;[4153,4164]::getHeldItem->func_184586_b
Rename method net/minecraft/block/Block/getBlockFromItem (Lnet/minecraft/item/Item;)Lnet/minecraft/block/Block;[4334,4350]::getBlockFromItem->func_149634_a
Rename method net/minecraft/item/ItemStack/getItem ()Lnet/minecraft/item/Item;[4352,4359]::getItem->func_77973_b
Rename method net/minecraft/block/Block/getDefaultState ()Lnet/minecraft/block/state/IBlockState;[4418,4433]::getDefaultState->func_176223_P
Rename method net/minecraft/block/Block/getDefaultState ()Lnet/minecraft/block/state/IBlockState;[4465,4480]::getDefaultState->func_176223_P
New Key: class com/tfar/dankstorage/tile/DankTiles
New Key: class com/tfar/dankstorage/tile/DankTiles
New Key: class com/tfar/dankstorage/tile/DankTiles
New Key: class com/tfar/dankstorage/tile/DankTiles
New Key: class com/tfar/dankstorage/tile/DankTiles
New Key: class com/tfar/dankstorage/tile/DankTiles
New Key: class com/tfar/dankstorage/tile/DankTiles
Rename method net/minecraft/block/Block/addInformation (Lnet/minecraft/item/ItemStack;Lnet/minecraft/world/World;Ljava/util/List;Lnet/minecraft/client/util/ITooltipFlag;)V[5396,5410]::addInformation->func_190948_a
Rename method net/minecraft/client/gui/GuiScreen/isShiftKeyDown ()Z[5608,5622]::isShiftKeyDown->func_146272_n
Rename method net/minecraft/client/resources/I18n/format (Ljava/lang/String;[Ljava/lang/Object;)Ljava/lang/String;[5650,5656]::format->func_135052_a
Rename method net/minecraft/client/Minecraft/getMinecraft ()Lnet/minecraft/client/Minecraft;[5700,5712]::getMinecraft->func_71410_x
Rename field net/minecraft/client/Minecraft/gameSettings[5715,5727]::gameSettings->field_71474_y
Rename field net/minecraft/client/settings/GameSettings/keyBindSneak[5729,5741]::keyBindSneak->field_74311_E
Rename method net/minecraft/client/gui/GuiScreen/isShiftKeyDown ()Z[5791,5805]::isShiftKeyDown->func_146272_n
Rename method net/minecraft/client/resources/I18n/format (Ljava/lang/String;[Ljava/lang/Object;)Ljava/lang/String;[5859,5865]::format->func_135052_a
Rename method net/minecraft/client/resources/I18n/format (Ljava/lang/String;[Ljava/lang/Object;)Ljava/lang/String;[5979,5985]::format->func_135052_a
Rename method net/minecraft/client/resources/I18n/format (Ljava/lang/String;[Ljava/lang/Object;)Ljava/lang/String;[6128,6134]::format->func_135052_a
Rename method net/minecraft/client/resources/I18n/format (Ljava/lang/String;[Ljava/lang/Object;)Ljava/lang/String;[6260,6266]::format->func_135052_a
Rename method net/minecraft/client/resources/I18n/format (Ljava/lang/String;[Ljava/lang/Object;)Ljava/lang/String;[6457,6463]::format->func_135052_a
Rename method net/minecraft/item/ItemStack/isEmpty ()Z[6652,6659]::isEmpty->func_190926_b
Rename method net/minecraft/item/ItemStack/getCount ()I[6726,6734]::getCount->func_190916_E
Rename method net/minecraft/client/resources/I18n/format (Ljava/lang/String;[Ljava/lang/Object;)Ljava/lang/String;[6770,6776]::format->func_135052_a
Rename method net/minecraft/item/ItemStack/getItem ()Lnet/minecraft/item/Item;[6855,6862]::getItem->func_77973_b
Rename method net/minecraft/item/ItemStack/getDisplayName ()Ljava/lang/String;[6907,6921]::getDisplayName->func_82833_r
Rename method net/minecraft/item/ItemStack/hasTagCompound ()Z[7052,7066]::hasTagCompound->func_77942_o
Rename method net/minecraft/item/ItemStack/getTagCompound ()Lnet/minecraft/nbt/NBTTagCompound;[7075,7089]::getTagCompound->func_77978_p
Rename method net/minecraft/nbt/NBTTagCompound/getBoolean (Ljava/lang/String;)Z[7090,7100]::getBoolean->func_74767_n
Rename method net/minecraft/entity/item/EntityItem/getItem ()Lnet/minecraft/item/ItemStack;[7186,7193]::getItem->func_92059_d
Rename method net/minecraft/item/ItemStack/getCount ()I[7748,7756]::getCount->func_190916_E
Rename method net/minecraft/item/ItemStack/isEmpty ()Z[7960,7967]::isEmpty->func_190926_b
Rename method net/minecraft/item/ItemStack/copy ()Lnet/minecraft/item/ItemStack;[8035,8039]::copy->func_77946_l
Rename method net/minecraft/item/ItemStack/setCount (I)V[8074,8082]::setCount->func_190920_e
Rename method net/minecraft/item/ItemStack/getCount ()I[8097,8105]::getCount->func_190916_E
Rename method net/minecraft/item/ItemStack/getCount ()I[8274,8282]::getCount->func_190916_E
Rename method net/minecraft/item/ItemStack/getCount ()I[8324,8332]::getCount->func_190916_E
Rename method net/minecraft/item/ItemStack/setCount (I)V[8370,8378]::setCount->func_190920_e
Rename method net/minecraft/item/ItemStack/getCount ()I[8396,8404]::getCount->func_190916_E
Rename method net/minecraft/item/ItemStack/getCount ()I[8423,8431]::getCount->func_190916_E
Rename method net/minecraft/item/ItemStack/setCount (I)V[8490,8498]::setCount->func_190920_e
Rename method net/minecraft/item/ItemStack/splitStack (I)Lnet/minecraft/item/ItemStack;[8584,8594]::splitStack->func_77979_a
Rename method net/minecraft/item/ItemStack/isItemEqual (Lnet/minecraft/item/ItemStack;)Z[8635,8646]::isItemEqual->func_77969_a
Rename method net/minecraft/item/ItemStack/areItemStackTagsEqual (Lnet/minecraft/item/ItemStack;Lnet/minecraft/item/ItemStack;)Z[8674,8695]::areItemStackTagsEqual->func_77970_a
Rename method net/minecraft/item/ItemStack/setCount (I)V[8735,8743]::setCount->func_190920_e
Rename method net/minecraft/item/ItemStack/isEmpty ()Z[8790,8797]::isEmpty->func_190926_b
Rename method net/minecraft/item/ItemStack/getCount ()I[8875,8883]::getCount->func_190916_E
Rename method net/minecraft/item/ItemStack/setAnimationsToGo (I)V[8918,8935]::setAnimationsToGo->func_190915_d
Rename field net/minecraft/entity/Entity/world[9012,9017]::world->field_70170_p
Rename method net/minecraft/world/World/playSound (Lnet/minecraft/entity/player/EntityPlayer;DDDLnet/minecraft/util/SoundEvent;Lnet/minecraft/util/SoundCategory;FF)V[9026,9035]::playSound->func_184148_a
Rename field net/minecraft/entity/Entity/posX[9053,9057]::posX->field_70165_t
Rename field net/minecraft/entity/Entity/posY[9075,9079]::posY->field_70163_u
Rename field net/minecraft/entity/Entity/posZ[9097,9101]::posZ->field_70161_v
Rename field net/minecraft/init/SoundEvents/ENTITY_ITEM_PICKUP[9124,9142]::ENTITY_ITEM_PICKUP->field_187638_cR
Rename method net/minecraft/entity/EntityLivingBase/getRNG ()Ljava/util/Random;[9179,9185]::getRNG->func_70681_au
Rename method net/minecraft/entity/EntityLivingBase/getRNG ()Ljava/util/Random;[9216,9222]::getRNG->func_70681_au
Rename method net/minecraft/item/ItemStack/isEmpty ()Z[9350,9357]::isEmpty->func_190926_b
Rename method net/minecraft/item/ItemStack/isEmpty ()Z[9549,9556]::isEmpty->func_190926_b
Rename method net/minecraft/item/ItemStack/isItemEqual (Lnet/minecraft/item/ItemStack;)Z[9596,9607]::isItemEqual->func_77969_a
Rename method net/minecraft/item/ItemStack/areItemStackTagsEqual (Lnet/minecraft/item/ItemStack;Lnet/minecraft/item/ItemStack;)Z[9635,9656]::areItemStackTagsEqual->func_77970_a
Rename method net/minecraft/item/ItemStack/getCount ()I[9698,9706]::getCount->func_190916_E
Rename method net/minecraft/item/ItemStack/getCount ()I[9747,9755]::getCount->func_190916_E
Import: com.tfar.dankstorage.DankStorage
Import: com.tfar.dankstorage.client.Client
Import: com.tfar.dankstorage.inventory.DankHandler
Import: com.tfar.dankstorage.inventory.PortableDankHandler
Import: com.tfar.dankstorage.util.DankConstants
Import: com.tfar.dankstorage.util.Utils
Import: com.tfar.dankstorage.tile.AbstractDankStorageTile
Import: com.tfar.dankstorage.tile.DankTiles
Import: net.minecraft.block.Block
Import: net.minecraft.block.material.Material
Import: net.minecraft.block.state.IBlockState
Import: net.minecraft.client.Minecraft
Import: net.minecraft.client.gui.GuiScreen
Import: net.minecraft.client.resources.I18n
Import: net.minecraft.client.util.ITooltipFlag
Import: net.minecraft.entity.EntityLivingBase
Import: net.minecraft.entity.item.EntityItem
Import: net.minecraft.entity.player.EntityPlayer
Import: net.minecraft.init.Items
Import: net.minecraft.init.SoundEvents
Import: net.minecraft.item.Item
Import: net.minecraft.item.ItemStack
Import: net.minecraft.nbt.NBTTagCompound
Import: net.minecraft.tileentity.TileEntity
Import: net.minecraft.util.EnumFacing
Import: net.minecraft.util.EnumHand
Import: net.minecraft.util.SoundCategory
Import: net.minecraft.util.math.BlockPos
Import: net.minecraft.util.text.*
Import: net.minecraft.world.World
Import: net.minecraftforge.event.entity.player.EntityItemPickupEvent
Import: net.minecraftforge.fml.relauncher.Side
Import: net.minecraftforge.fml.relauncher.SideOnly
Import: javax.annotation.Nullable
Import: java.util.List
Import: java.util.Random
End  Processing: com/tfar/dankstorage/block/DankBlock.java

Start Processing: com/tfar/dankstorage/block/DankItemBlock.java
FOUND CONSTR method com/tfar/dankstorage/block/DankItemBlock/DankItemBlock (Lnet/minecraft/block/Block;)V com/tfar/dankstorage/block/DankItemBlock
Rename method net/minecraft/item/Item/onItemRightClick (Lnet/minecraft/world/World;Lnet/minecraft/entity/player/EntityPlayer;Lnet/minecraft/util/EnumHand;)Lnet/minecraft/util/ActionResult;[1305,1321]::onItemRightClick->func_77659_a
Rename field net/minecraft/world/World/isRemote[1387,1395]::isRemote->field_72995_K
Rename method net/minecraft/entity/Entity/isSneaking ()Z[1411,1421]::isSneaking->func_70093_af
Rename method net/minecraft/entity/EntityLivingBase/getHeldItem (Lnet/minecraft/util/EnumHand;)Lnet/minecraft/item/ItemStack;[1450,1461]::getHeldItem->func_184586_b
Rename method net/minecraft/item/ItemStack/getItem ()Lnet/minecraft/item/Item;[1470,1477]::getItem->func_77973_b
Rename method net/minecraft/entity/EntityLivingBase/getHeldItem (Lnet/minecraft/util/EnumHand;)Lnet/minecraft/item/ItemStack;[1663,1674]::getHeldItem->func_184586_b
Rename method net/minecraft/item/ItemStack/copy ()Lnet/minecraft/item/ItemStack;[2031,2035]::copy->func_77946_l
Rename method net/minecraft/item/ItemStack/setCount (I)V[2171,2179]::setCount->func_190920_e
Rename method net/minecraft/entity/Entity/setItemStackToSlot (Lnet/minecraft/inventory/EntityEquipmentSlot;Lnet/minecraft/item/ItemStack;)V[2207,2225]::setItemStackToSlot->func_184201_a
Rename method net/minecraft/item/ItemStack/getItem ()Lnet/minecraft/item/Item;[2296,2303]::getItem->func_77973_b
Rename method net/minecraft/item/Item/onItemRightClick (Lnet/minecraft/world/World;Lnet/minecraft/entity/player/EntityPlayer;Lnet/minecraft/util/EnumHand;)Lnet/minecraft/util/ActionResult;[2311,2327]::onItemRightClick->func_77659_a
Rename method net/minecraft/util/ActionResult/getResult ()Ljava/lang/Object;[2389,2398]::getResult->func_188398_b
Rename method net/minecraft/item/ItemStack/isEmpty ()Z[2557,2564]::isEmpty->func_190926_b
Rename method net/minecraft/entity/Entity/setItemStackToSlot (Lnet/minecraft/inventory/EntityEquipmentSlot;Lnet/minecraft/item/ItemStack;)V[2648,2666]::setItemStackToSlot->func_184201_a
Rename method net/minecraft/item/Item/onItemRightClick (Lnet/minecraft/world/World;Lnet/minecraft/entity/player/EntityPlayer;Lnet/minecraft/util/EnumHand;)Lnet/minecraft/util/ActionResult;[2699,2715]::onItemRightClick->func_77659_a
Rename method net/minecraft/entity/Entity/setItemStackToSlot (Lnet/minecraft/inventory/EntityEquipmentSlot;Lnet/minecraft/item/ItemStack;)V[2765,2783]::setItemStackToSlot->func_184201_a
Rename method net/minecraft/item/ItemStack/getItem ()Lnet/minecraft/item/Item;[2852,2859]::getItem->func_77973_b
Rename method net/minecraft/item/Item/onItemRightClick (Lnet/minecraft/world/World;Lnet/minecraft/entity/player/EntityPlayer;Lnet/minecraft/util/EnumHand;)Lnet/minecraft/util/ActionResult;[2867,2883]::onItemRightClick->func_77659_a
Rename method net/minecraft/util/ActionResult/getResult ()Ljava/lang/Object;[2975,2984]::getResult->func_188398_b
Rename method net/minecraft/entity/Entity/setItemStackToSlot (Lnet/minecraft/inventory/EntityEquipmentSlot;Lnet/minecraft/item/ItemStack;)V[3009,3027]::setItemStackToSlot->func_184201_a
Rename method net/minecraft/item/Item/onItemRightClick (Lnet/minecraft/world/World;Lnet/minecraft/entity/player/EntityPlayer;Lnet/minecraft/util/EnumHand;)Lnet/minecraft/util/ActionResult;[3063,3079]::onItemRightClick->func_77659_a
Rename method net/minecraft/item/ItemStack/getMaxStackSize ()I[3174,3189]::getMaxStackSize->func_77976_d
Rename method net/minecraft/item/ItemStack/getCount ()I[3203,3211]::getCount->func_190916_E
Rename method net/minecraft/item/Item/itemInteractionForEntity (Lnet/minecraft/item/ItemStack;Lnet/minecraft/entity/player/EntityPlayer;Lnet/minecraft/entity/EntityLivingBase;Lnet/minecraft/util/EnumHand;)Z[3262,3286]::itemInteractionForEntity->func_111207_a
Rename method net/minecraft/entity/Entity/setItemStackToSlot (Lnet/minecraft/inventory/EntityEquipmentSlot;Lnet/minecraft/item/ItemStack;)V[3671,3689]::setItemStackToSlot->func_184201_a
Rename method net/minecraft/item/ItemStack/getItem ()Lnet/minecraft/item/Item;[3732,3739]::getItem->func_77973_b
Rename method net/minecraft/item/Item/itemInteractionForEntity (Lnet/minecraft/item/ItemStack;Lnet/minecraft/entity/player/EntityPlayer;Lnet/minecraft/entity/EntityLivingBase;Lnet/minecraft/util/EnumHand;)Z[3747,3771]::itemInteractionForEntity->func_111207_a
Rename method net/minecraft/entity/Entity/setItemStackToSlot (Lnet/minecraft/inventory/EntityEquipmentSlot;Lnet/minecraft/item/ItemStack;)V[3870,3888]::setItemStackToSlot->func_184201_a
Rename method net/minecraft/item/Item/hasEffect (Lnet/minecraft/item/ItemStack;)Z[3955,3964]::hasEffect->func_77636_d
Rename method net/minecraft/item/ItemStack/hasTagCompound ()Z[4005,4019]::hasTagCompound->func_77942_o
Rename method net/minecraft/item/Item/onItemUse (Lnet/minecraft/entity/player/EntityPlayer;Lnet/minecraft/world/World;Lnet/minecraft/util/math/BlockPos;Lnet/minecraft/util/EnumHand;Lnet/minecraft/util/EnumFacing;FFF)Lnet/minecraft/util/EnumActionResult;[4109,4118]::onItemUse->func_180614_a
Rename method net/minecraft/entity/EntityLivingBase/getHeldItem (Lnet/minecraft/util/EnumHand;)Lnet/minecraft/item/ItemStack;[4271,4282]::getHeldItem->func_184586_b
Rename method net/minecraft/item/Item/onItemUse (Lnet/minecraft/entity/player/EntityPlayer;Lnet/minecraft/world/World;Lnet/minecraft/util/math/BlockPos;Lnet/minecraft/util/EnumHand;Lnet/minecraft/util/EnumFacing;FFF)Lnet/minecraft/util/EnumActionResult;[4347,4356]::onItemUse->func_180614_a
Rename method net/minecraft/item/ItemStack/copy ()Lnet/minecraft/item/ItemStack;[4885,4889]::copy->func_77946_l
Rename method net/minecraft/item/ItemStack/setCount (I)V[4916,4924]::setCount->func_190920_e
Rename method net/minecraft/entity/Entity/setItemStackToSlot (Lnet/minecraft/inventory/EntityEquipmentSlot;Lnet/minecraft/item/ItemStack;)V[4948,4966]::setItemStackToSlot->func_184201_a
Rename method net/minecraft/item/ItemStack/getItem ()Lnet/minecraft/item/Item;[5029,5036]::getItem->func_77973_b
Rename method net/minecraft/item/Item/onItemUse (Lnet/minecraft/entity/player/EntityPlayer;Lnet/minecraft/world/World;Lnet/minecraft/util/math/BlockPos;Lnet/minecraft/util/EnumHand;Lnet/minecraft/util/EnumFacing;FFF)Lnet/minecraft/util/EnumActionResult;[5044,5053]::onItemUse->func_180614_a
Rename method net/minecraft/item/ItemStack/isEmpty ()Z[5244,5251]::isEmpty->func_190926_b
Rename method net/minecraft/entity/Entity/setItemStackToSlot (Lnet/minecraft/inventory/EntityEquipmentSlot;Lnet/minecraft/item/ItemStack;)V[5323,5341]::setItemStackToSlot->func_184201_a
Rename method net/minecraft/entity/Entity/setItemStackToSlot (Lnet/minecraft/inventory/EntityEquipmentSlot;Lnet/minecraft/item/ItemStack;)V[5402,5420]::setItemStackToSlot->func_184201_a
Rename method net/minecraft/item/ItemStack/getItem ()Lnet/minecraft/item/Item;[5485,5492]::getItem->func_77973_b
Rename method net/minecraft/item/Item/onItemUse (Lnet/minecraft/entity/player/EntityPlayer;Lnet/minecraft/world/World;Lnet/minecraft/util/math/BlockPos;Lnet/minecraft/util/EnumHand;Lnet/minecraft/util/EnumFacing;FFF)Lnet/minecraft/util/EnumActionResult;[5500,5509]::onItemUse->func_180614_a
Rename method net/minecraft/entity/Entity/setItemStackToSlot (Lnet/minecraft/inventory/EntityEquipmentSlot;Lnet/minecraft/item/ItemStack;)V[5626,5644]::setItemStackToSlot->func_184201_a
Import: com.tfar.dankstorage.DankStorage
Import: com.tfar.dankstorage.capability.CapabilityDankStorageProvider
Import: com.tfar.dankstorage.inventory.PortableDankHandler
Import: com.tfar.dankstorage.util.DankConstants
Import: com.tfar.dankstorage.util.Utils
Import: net.minecraft.block.Block
Import: net.minecraft.entity.EntityLivingBase
Import: net.minecraft.entity.player.EntityPlayer
Import: net.minecraft.inventory.EntityEquipmentSlot
Import: net.minecraft.item.ItemBlock
Import: net.minecraft.item.ItemStack
Import: net.minecraft.nbt.NBTTagCompound
Import: net.minecraft.util.ActionResult
Import: net.minecraft.util.EnumActionResult
Import: net.minecraft.util.EnumFacing
Import: net.minecraft.util.EnumHand
Import: net.minecraft.util.math.BlockPos
Import: net.minecraft.world.World
Import: net.minecraftforge.common.capabilities.ICapabilityProvider
Import: javax.annotation.Nonnull
End  Processing: com/tfar/dankstorage/block/DankItemBlock.java

Start Processing: com/tfar/dankstorage/capability/CapabilityDankStorage.java
New Key: class net/minecraftforge/common/capabilities/Capability
Rename method net/minecraft/item/ItemStack/isEmpty ()Z[1100,1107]::isEmpty->func_190926_b
Rename method net/minecraft/item/ItemStack/getCount ()I[1208,1216]::getCount->func_190916_E
Rename method net/minecraft/nbt/NBTTagCompound/setInteger (Ljava/lang/String;I)V[1307,1317]::setInteger->func_74768_a
Rename method net/minecraft/item/ItemStack/writeToNBT (Lnet/minecraft/nbt/NBTTagCompound;)Lnet/minecraft/nbt/NBTTagCompound;[1375,1385]::writeToNBT->func_77955_b
Rename method net/minecraft/nbt/NBTTagCompound/setInteger (Ljava/lang/String;I)V[1419,1429]::setInteger->func_74768_a
Rename method net/minecraft/nbt/NBTTagList/appendTag (Lnet/minecraft/nbt/NBTBase;)V[1485,1494]::appendTag->func_74742_a
Rename method net/minecraft/nbt/NBTTagCompound/setTag (Ljava/lang/String;Lnet/minecraft/nbt/NBTBase;)V[1597,1603]::setTag->func_74782_a
Rename method net/minecraft/nbt/NBTTagCompound/setInteger (Ljava/lang/String;I)V[1645,1655]::setInteger->func_74768_a
Rename method net/minecraft/nbt/NBTTagCompound/hasKey (Ljava/lang/String;I)Z[1947,1953]::hasKey->func_150297_b
New Key: class net/minecraftforge/common/util/Constants
Rename method net/minecraft/nbt/NBTTagCompound/getInteger (Ljava/lang/String;)I[1998,2008]::getInteger->func_74762_e
Rename method net/minecraft/nbt/NBTTagCompound/getTagList (Ljava/lang/String;I)Lnet/minecraft/nbt/NBTTagList;[2087,2097]::getTagList->func_150295_c
New Key: class net/minecraftforge/common/util/Constants
Rename method net/minecraft/nbt/NBTTagList/tagCount ()I[2176,2184]::tagCount->func_74745_c
Rename method net/minecraft/nbt/NBTTagList/getCompoundTagAt (I)Lnet/minecraft/nbt/NBTTagCompound;[2244,2260]::getCompoundTagAt->func_150305_b
Rename method net/minecraft/nbt/NBTTagCompound/getInteger (Ljava/lang/String;)I[2293,2303]::getInteger->func_74762_e
Rename method net/minecraft/nbt/NBTTagCompound/hasKey (Ljava/lang/String;I)Z[2411,2417]::hasKey->func_150297_b
New Key: class net/minecraftforge/common/util/Constants
Rename field net/minecraft/item/ItemStack/EMPTY[2553,2558]::EMPTY->field_190927_a
Rename method net/minecraft/nbt/NBTTagCompound/getTagList (Ljava/lang/String;I)Lnet/minecraft/nbt/NBTTagList;[2619,2629]::getTagList->func_150295_c
New Key: class net/minecraftforge/common/util/Constants
Rename method net/minecraft/nbt/NBTTagList/tagCount ()I[2723,2731]::tagCount->func_74745_c
Rename method net/minecraft/nbt/NBTTagList/getCompoundTagAt (I)Lnet/minecraft/nbt/NBTTagCompound;[2801,2817]::getCompoundTagAt->func_150305_b
Rename method net/minecraft/item/ItemStack/isEmpty ()Z[2904,2911]::isEmpty->func_190926_b
Rename method net/minecraft/item/ItemStack/isEmpty ()Z[2952,2959]::isEmpty->func_190926_b
Rename method net/minecraft/item/ItemStack/grow (I)V[3013,3017]::grow->func_190917_f
Rename method net/minecraft/item/ItemStack/getCount ()I[3032,3040]::getCount->func_190916_E
Rename method net/minecraft/item/ItemStack/isEmpty ()Z[3112,3119]::isEmpty->func_190926_b
Rename method net/minecraft/item/ItemStack/getCount ()I[3166,3174]::getCount->func_190916_E
Rename method net/minecraft/item/ItemStack/setCount (I)V[3285,3293]::setCount->func_190920_e
Rename method net/minecraft/nbt/NBTTagCompound/hasKey (Ljava/lang/String;I)Z[3492,3498]::hasKey->func_150297_b
New Key: class net/minecraftforge/common/util/Constants
Rename method net/minecraft/item/ItemStack/setCount (I)V[3572,3580]::setCount->func_190920_e
Rename method net/minecraft/nbt/NBTTagCompound/getInteger (Ljava/lang/String;)I[3595,3605]::getInteger->func_74762_e
Import: com.tfar.dankstorage.inventory.DankHandler
Import: net.minecraft.item.ItemStack
Import: net.minecraft.nbt.NBTBase
Import: net.minecraft.nbt.NBTTagList
Import: net.minecraft.nbt.NBTTagCompound
Import: net.minecraft.util.EnumFacing
Import: net.minecraftforge.common.capabilities.Capability
Import: net.minecraftforge.common.capabilities.CapabilityInject
Import: net.minecraftforge.common.capabilities.CapabilityManager
Import: net.minecraftforge.common.util.Constants
End  Processing: com/tfar/dankstorage/capability/CapabilityDankStorage.java

Start Processing: com/tfar/dankstorage/capability/CapabilityDankStorageProvider.java
FOUND CONSTR method com/tfar/dankstorage/capability/CapabilityDankStorageProvider/CapabilityDankStorageProvider (Lnet/minecraft/item/ItemStack;)V com/tfar/dankstorage/capability/CapabilityDankStorageProvider
Rename method net/minecraft/item/ItemStack/setTagCompound (Lnet/minecraft/nbt/NBTTagCompound;)V[877,891]::setTagCompound->func_77982_d
Rename method net/minecraft/item/ItemStack/hasTagCompound ()Z[1008,1022]::hasTagCompound->func_77942_o
Rename method net/minecraft/item/ItemStack/getTagCompound ()Lnet/minecraft/nbt/NBTTagCompound;[1111,1125]::getTagCompound->func_77978_p
Import: com.tfar.dankstorage.inventory.PortableDankHandler
Import: com.tfar.dankstorage.util.Utils
Import: net.minecraft.item.ItemStack
Import: net.minecraft.nbt.NBTTagCompound
Import: net.minecraft.util.EnumFacing
Import: net.minecraftforge.common.capabilities.Capability
Import: net.minecraftforge.common.capabilities.ICapabilityProvider
Import: net.minecraftforge.items.CapabilityItemHandler
Import: javax.annotation.Nonnull
Import: javax.annotation.Nullable
End  Processing: com/tfar/dankstorage/capability/CapabilityDankStorageProvider.java

Start Processing: com/tfar/dankstorage/client/Client.java
New Key: class net/minecraftforge/fml/common/Mod
Rename method net/minecraft/client/Minecraft/getMinecraft ()Lnet/minecraft/client/Minecraft;[1692,1704]::getMinecraft->func_71410_x
New Key: class com/tfar/dankstorage/DankStorage
Rename method net/minecraft/item/Item/getItemFromBlock (Lnet/minecraft/block/Block;)Lnet/minecraft/item/Item;[2365,2381]::getItemFromBlock->func_150898_a
New Key: class net/minecraftforge/fml/common/Mod
New Key: class net/minecraftforge/fml/common/gameevent/InputEvent
Rename field net/minecraft/client/Minecraft/player[2770,2776]::player->field_71439_g
Rename field net/minecraft/client/Minecraft/player[2800,2806]::player->field_71439_g
Rename method net/minecraft/entity/EntityLivingBase/getHeldItemMainhand ()Lnet/minecraft/item/ItemStack;[2814,2833]::getHeldItemMainhand->func_184614_ca
Rename method net/minecraft/item/ItemStack/getItem ()Lnet/minecraft/item/Item;[2831,2838]::getItem->func_77973_b
Rename field net/minecraft/client/Minecraft/player[2892,2898]::player->field_71439_g
Rename method net/minecraft/entity/EntityLivingBase/getHeldItemOffhand ()Lnet/minecraft/item/ItemStack;[2906,2924]::getHeldItemOffhand->func_184592_cb
Rename method net/minecraft/item/ItemStack/getItem ()Lnet/minecraft/item/Item;[2923,2930]::getItem->func_77973_b
Rename method net/minecraft/client/settings/KeyBinding/isPressed ()Z[2996,3005]::isPressed->func_151468_f
Rename method net/minecraft/client/settings/KeyBinding/isPressed ()Z[3141,3150]::isPressed->func_151468_f
Rename method net/minecraft/client/settings/KeyBinding/isPressed ()Z[3287,3296]::isPressed->func_151468_f
Rename field net/minecraft/client/Minecraft/gameSettings[3431,3443]::gameSettings->field_71474_y
Rename field net/minecraft/client/settings/GameSettings/keyBindPickBlock[3445,3461]::keyBindPickBlock->field_74322_I
Rename method net/minecraft/client/settings/KeyBinding/isPressed ()Z[3459,3468]::isPressed->func_151468_f
Rename field net/minecraft/client/Minecraft/player[3680,3686]::player->field_71439_g
Rename method net/minecraft/entity/EntityLivingBase/getHeldItemMainhand ()Lnet/minecraft/item/ItemStack;[3733,3752]::getHeldItemMainhand->func_184614_ca
Rename method net/minecraft/entity/EntityLivingBase/getHeldItemMainhand ()Lnet/minecraft/item/ItemStack;[3780,3799]::getHeldItemMainhand->func_184614_ca
Rename method net/minecraft/entity/Entity/isSneaking ()Z[3809,3819]::isSneaking->func_70093_af
New Key: class net/minecraftforge/client/event/RenderGameOverlayEvent
Rename field net/minecraft/client/Minecraft/player[4150,4156]::player->field_71439_g
Rename field net/minecraft/entity/player/EntityPlayer/openContainer[4220,4233]::openContainer->field_71070_bA
Rename method net/minecraft/entity/EntityLivingBase/getHeldItemMainhand ()Lnet/minecraft/item/ItemStack;[4302,4321]::getHeldItemMainhand->func_184614_ca
Rename method net/minecraft/item/ItemStack/getItem ()Lnet/minecraft/item/Item;[4337,4344]::getItem->func_77973_b
Rename method net/minecraft/entity/EntityLivingBase/getHeldItemOffhand ()Lnet/minecraft/item/ItemStack;[4403,4421]::getHeldItemOffhand->func_184592_cb
Rename method net/minecraft/item/ItemStack/getItem ()Lnet/minecraft/item/Item;[4440,4447]::getItem->func_77973_b
Rename method net/minecraft/client/gui/ScaledResolution/getScaledWidth ()I[4535,4549]::getScaledWidth->func_78326_a
Rename method net/minecraft/client/gui/ScaledResolution/getScaledHeight ()I[4590,4605]::getScaledHeight->func_78328_b
Rename method net/minecraft/item/ItemStack/getDisplayName ()Ljava/lang/String;[4771,4785]::getDisplayName->func_82833_r
Rename method net/minecraft/item/ItemStack/getCount ()I[4938,4946]::getCount->func_190916_E
Rename method net/minecraft/item/ItemStack/isEmpty ()Z[4977,4984]::isEmpty->func_190926_b
Rename method net/minecraft/client/renderer/GlStateManager/enableRescaleNormal ()V[5020,5039]::enableRescaleNormal->func_179091_B
Rename method net/minecraft/client/renderer/RenderHelper/enableGUIStandardItemLighting ()V[5059,5088]::enableGUIStandardItemLighting->func_74520_c
Rename method net/minecraft/item/ItemStack/getAnimationsToGo ()I[5175,5192]::getAnimationsToGo->func_190921_D
Rename method net/minecraft/client/renderer/GlStateManager/pushMatrix ()V[5261,5271]::pushMatrix->func_179094_E
Rename method net/minecraft/client/renderer/GlStateManager/translate (FFF)V[5354,5363]::translate->func_179109_b
Rename method net/minecraft/client/renderer/GlStateManager/scale (FFF)V[5421,5426]::scale->func_179152_a
Rename method net/minecraft/client/renderer/GlStateManager/translate (FFF)V[5492,5501]::translate->func_179109_b
Rename method net/minecraft/client/Minecraft/getRenderItem ()Lnet/minecraft/client/renderer/RenderItem;[5562,5575]::getRenderItem->func_175599_af
Rename method net/minecraft/client/renderer/RenderItem/renderItemAndEffectIntoGUI (Lnet/minecraft/item/ItemStack;II)V[5579,5605]::renderItemAndEffectIntoGUI->func_180450_b
Rename method net/minecraft/client/Minecraft/getRenderItem ()Lnet/minecraft/client/renderer/RenderItem;[5629,5642]::getRenderItem->func_175599_af
Rename method net/minecraft/client/renderer/RenderItem/renderItemOverlayIntoGUI (Lnet/minecraft/client/gui/FontRenderer;Lnet/minecraft/item/ItemStack;IILjava/lang/String;)V[5646,5670]::renderItemOverlayIntoGUI->func_180453_a
Rename field net/minecraft/client/Minecraft/fontRenderer[5663,5675]::fontRenderer->field_71466_p
Rename method net/minecraft/client/Minecraft/getRenderItem ()Lnet/minecraft/client/renderer/RenderItem;[5757,5770]::getRenderItem->func_175599_af
Rename method net/minecraft/client/renderer/RenderItem/renderItemOverlays (Lnet/minecraft/client/gui/FontRenderer;Lnet/minecraft/item/ItemStack;II)V[5774,5792]::renderItemOverlays->func_175030_a
Rename field net/minecraft/client/Minecraft/fontRenderer[5791,5803]::fontRenderer->field_71466_p
Rename method net/minecraft/client/renderer/RenderHelper/disableStandardItemLighting ()V[5852,5879]::disableStandardItemLighting->func_74518_a
Rename method net/minecraft/client/renderer/GlStateManager/disableRescaleNormal ()V[5892,5912]::disableRescaleNormal->func_179101_C
Rename method net/minecraft/client/Minecraft/getTextureManager ()Lnet/minecraft/client/renderer/texture/TextureManager;[5923,5940]::getTextureManager->func_110434_K
Rename method net/minecraft/client/renderer/texture/TextureManager/bindTexture (Lnet/minecraft/util/ResourceLocation;)V[5939,5950]::bindTexture->func_110577_a
Rename field net/minecraft/client/gui/Gui/ICONS[5957,5962]::ICONS->field_110324_m
Rename field net/minecraft/client/Minecraft/fontRenderer[6475,6487]::fontRenderer->field_71466_p
Rename method net/minecraft/client/gui/FontRenderer/drawString (Ljava/lang/String;III)I[6510,6520]::drawString->func_78276_b
Import: com.tfar.dankstorage.DankStorage
Import: com.tfar.dankstorage.block.DankItemBlock
Import: com.tfar.dankstorage.inventory.PortableDankHandler
Import: com.tfar.dankstorage.network.*
Import: com.tfar.dankstorage.network.CMessageToggle.KeybindToggleType
Import: com.tfar.dankstorage.util.Utils
Import: net.minecraft.block.Block
Import: net.minecraft.client.Minecraft
Import: net.minecraft.client.gui.FontRenderer
Import: net.minecraft.client.gui.Gui
Import: net.minecraft.client.renderer.GlStateManager
Import: net.minecraft.client.renderer.RenderHelper
Import: net.minecraft.client.renderer.block.model.ModelResourceLocation
Import: net.minecraft.client.settings.KeyBinding
Import: net.minecraft.entity.player.EntityPlayer
Import: net.minecraft.inventory.ContainerPlayer
Import: net.minecraft.item.Item
Import: net.minecraft.item.ItemStack
Import: net.minecraftforge.client.event.ModelRegistryEvent
Import: net.minecraftforge.client.event.MouseEvent
Import: net.minecraftforge.client.event.RenderGameOverlayEvent
Import: net.minecraftforge.client.model.ModelLoader
Import: net.minecraftforge.fml.client.registry.ClientRegistry
Import: net.minecraftforge.fml.common.Mod
Import: net.minecraftforge.fml.common.eventhandler.SubscribeEvent
Import: net.minecraftforge.fml.common.gameevent.InputEvent
Import: net.minecraftforge.fml.relauncher.Side
Import: org.lwjgl.input.Keyboard
End  Processing: com/tfar/dankstorage/client/Client.java

Start Processing: com/tfar/dankstorage/client/RenderItemExtended.java
Rename method net/minecraft/client/Minecraft/getMinecraft ()Lnet/minecraft/client/Minecraft;[514,526]::getMinecraft->func_71410_x
Rename method net/minecraft/client/Minecraft/getRenderItem ()Lnet/minecraft/client/renderer/RenderItem;[529,542]::getRenderItem->func_175599_af
Rename field net/minecraft/client/renderer/RenderItem/zLevel[680,686]::zLevel->field_77023_b
Rename method net/minecraft/item/ItemStack/isEmpty ()Z[891,898]::isEmpty->func_190926_b
Rename method net/minecraft/item/ItemStack/getItem ()Lnet/minecraft/item/Item;[929,936]::getItem->func_77973_b
Rename method net/minecraft/client/renderer/GlStateManager/disableLighting ()V[996,1011]::disableLighting->func_179140_f
Rename method net/minecraft/client/renderer/GlStateManager/disableDepth ()V[1037,1049]::disableDepth->func_179097_i
Rename method net/minecraft/client/renderer/GlStateManager/disableTexture2D ()V[1078,1094]::disableTexture2D->func_179090_x
Rename method net/minecraft/client/renderer/GlStateManager/disableAlpha ()V[1119,1131]::disableAlpha->func_179118_c
Rename method net/minecraft/client/renderer/GlStateManager/disableBlend ()V[1160,1172]::disableBlend->func_179084_k
Rename method net/minecraft/client/renderer/Tessellator/getInstance ()Lnet/minecraft/client/renderer/Tessellator;[1224,1235]::getInstance->func_178181_a
Rename method net/minecraft/client/renderer/Tessellator/getBuffer ()Lnet/minecraft/client/renderer/BufferBuilder;[1291,1300]::getBuffer->func_178180_c
Rename method net/minecraft/item/ItemStack/getItem ()Lnet/minecraft/item/Item;[1339,1346]::getItem->func_77973_b
Rename method net/minecraft/item/ItemStack/getItem ()Lnet/minecraft/item/Item;[1421,1428]::getItem->func_77973_b
Rename method net/minecraft/client/renderer/GlStateManager/enableBlend ()V[1792,1803]::enableBlend->func_179147_l
Rename method net/minecraft/client/renderer/GlStateManager/enableAlpha ()V[1833,1844]::enableAlpha->func_179141_d
Rename method net/minecraft/client/renderer/GlStateManager/enableTexture2D ()V[1874,1889]::enableTexture2D->func_179098_w
Rename method net/minecraft/client/renderer/GlStateManager/enableLighting ()V[1915,1929]::enableLighting->func_179145_e
Rename method net/minecraft/client/renderer/GlStateManager/enableDepth ()V[1956,1967]::enableDepth->func_179126_j
Rename method net/minecraft/item/ItemStack/getCount ()I[2001,2009]::getCount->func_190916_E
Rename method net/minecraft/item/ItemStack/getCount ()I[2099,2107]::getCount->func_190916_E
Rename method net/minecraft/client/renderer/GlStateManager/disableLighting ()V[2148,2163]::disableLighting->func_179140_f
Rename method net/minecraft/client/renderer/GlStateManager/disableDepth ()V[2189,2201]::disableDepth->func_179097_i
Rename method net/minecraft/client/renderer/GlStateManager/disableBlend ()V[2230,2242]::disableBlend->func_179084_k
Rename method net/minecraft/client/renderer/GlStateManager/pushMatrix ()V[2271,2281]::pushMatrix->func_179094_E
Rename method net/minecraft/client/renderer/GlStateManager/scale (FFF)V[2341,2346]::scale->func_179152_a
Rename method net/minecraft/client/gui/FontRenderer/drawStringWithShadow (Ljava/lang/String;FFI)I[2388,2408]::drawStringWithShadow->func_175063_a
Rename method net/minecraft/client/gui/FontRenderer/getStringWidth (Ljava/lang/String;)I[2431,2445]::getStringWidth->func_78256_a
Rename method net/minecraft/client/renderer/GlStateManager/popMatrix ()V[2572,2581]::popMatrix->func_179121_F
Rename method net/minecraft/client/renderer/GlStateManager/enableLighting ()V[2613,2627]::enableLighting->func_179145_e
Rename method net/minecraft/client/renderer/GlStateManager/enableDepth ()V[2654,2665]::enableDepth->func_179126_j
Rename method net/minecraft/client/renderer/GlStateManager/enableBlend ()V[2843,2854]::enableBlend->func_179147_l
Rename method net/minecraft/client/Minecraft/getMinecraft ()Lnet/minecraft/client/Minecraft;[2920,2932]::getMinecraft->func_71410_x
Rename field net/minecraft/client/Minecraft/player[2935,2941]::player->field_71439_g
Rename method net/minecraft/entity/player/EntityPlayer/getCooldownTracker ()Lnet/minecraft/util/CooldownTracker;[3030,3048]::getCooldownTracker->func_184811_cZ
Rename method net/minecraft/util/CooldownTracker/getCooldown (Lnet/minecraft/item/Item;F)F[3047,3058]::getCooldown->func_185143_a
Rename method net/minecraft/item/ItemStack/getItem ()Lnet/minecraft/item/Item;[3067,3074]::getItem->func_77973_b
Rename method net/minecraft/client/Minecraft/getMinecraft ()Lnet/minecraft/client/Minecraft;[3108,3120]::getMinecraft->func_71410_x
Rename method net/minecraft/client/Minecraft/getRenderPartialTicks ()F[3123,3144]::getRenderPartialTicks->func_184121_ak
Rename method net/minecraft/client/renderer/GlStateManager/disableLighting ()V[3192,3207]::disableLighting->func_179140_f
Rename method net/minecraft/client/renderer/GlStateManager/disableDepth ()V[3233,3245]::disableDepth->func_179097_i
Rename method net/minecraft/client/renderer/GlStateManager/disableTexture2D ()V[3274,3290]::disableTexture2D->func_179090_x
Rename method net/minecraft/client/renderer/Tessellator/getInstance ()Lnet/minecraft/client/renderer/Tessellator;[3339,3350]::getInstance->func_178181_a
Rename method net/minecraft/client/renderer/Tessellator/getBuffer ()Lnet/minecraft/client/renderer/BufferBuilder;[3408,3417]::getBuffer->func_178180_c
Rename method net/minecraft/util/math/MathHelper/floor (F)I[3493,3498]::floor->func_76141_d
Rename method net/minecraft/util/math/MathHelper/ceil (F)I[3560,3564]::ceil->func_76123_f
Rename method net/minecraft/client/renderer/GlStateManager/enableTexture2D ()V[3631,3646]::enableTexture2D->func_179098_w
Rename method net/minecraft/client/renderer/GlStateManager/enableLighting ()V[3672,3686]::enableLighting->func_179145_e
Rename method net/minecraft/client/renderer/GlStateManager/enableDepth ()V[3713,3724]::enableDepth->func_179126_j
Rename method net/minecraft/client/renderer/BufferBuilder/begin (ILnet/minecraft/client/renderer/vertex/VertexFormat;)V[4361,4366]::begin->func_181668_a
Rename field net/minecraft/client/renderer/vertex/DefaultVertexFormats/POSITION_COLOR[4399,4413]::POSITION_COLOR->field_181706_f
Rename method net/minecraft/client/renderer/BufferBuilder/pos (DDD)Lnet/minecraft/client/renderer/BufferBuilder;[4430,4433]::pos->func_181662_b
Rename method net/minecraft/client/renderer/BufferBuilder/color (IIII)Lnet/minecraft/client/renderer/BufferBuilder;[4456,4461]::color->func_181669_b
Rename method net/minecraft/client/renderer/BufferBuilder/endVertex ()V[4495,4504]::endVertex->func_181675_d
Rename method net/minecraft/client/renderer/BufferBuilder/pos (DDD)Lnet/minecraft/client/renderer/BufferBuilder;[4526,4529]::pos->func_181662_b
Rename method net/minecraft/client/renderer/BufferBuilder/color (IIII)Lnet/minecraft/client/renderer/BufferBuilder;[4561,4566]::color->func_181669_b
Rename method net/minecraft/client/renderer/BufferBuilder/endVertex ()V[4600,4609]::endVertex->func_181675_d
Rename method net/minecraft/client/renderer/BufferBuilder/pos (DDD)Lnet/minecraft/client/renderer/BufferBuilder;[4631,4634]::pos->func_181662_b
Rename method net/minecraft/client/renderer/BufferBuilder/color (IIII)Lnet/minecraft/client/renderer/BufferBuilder;[4674,4679]::color->func_181669_b
Rename method net/minecraft/client/renderer/BufferBuilder/endVertex ()V[4713,4722]::endVertex->func_181675_d
Rename method net/minecraft/client/renderer/BufferBuilder/pos (DDD)Lnet/minecraft/client/renderer/BufferBuilder;[4744,4747]::pos->func_181662_b
Rename method net/minecraft/client/renderer/BufferBuilder/color (IIII)Lnet/minecraft/client/renderer/BufferBuilder;[4778,4783]::color->func_181669_b
Rename method net/minecraft/client/renderer/BufferBuilder/endVertex ()V[4817,4826]::endVertex->func_181675_d
Rename method net/minecraft/client/renderer/Tessellator/getInstance ()Lnet/minecraft/client/renderer/Tessellator;[4851,4862]::getInstance->func_178181_a
Rename method net/minecraft/client/renderer/Tessellator/draw ()V[4867,4871]::draw->func_78381_a
Import: net.minecraft.client.renderer.*
Import: net.minecraft.client.Minecraft
Import: net.minecraft.client.entity.EntityPlayerSP
Import: net.minecraft.client.gui.FontRenderer
Import: net.minecraft.client.renderer.vertex.DefaultVertexFormats
Import: net.minecraft.item.ItemStack
Import: net.minecraft.util.math.MathHelper
Import: javax.annotation.Nullable
Import: java.text.DecimalFormat
End  Processing: com/tfar/dankstorage/client/RenderItemExtended.java

Start Processing: com/tfar/dankstorage/container/AbstractAbstractDankContainer.java
FOUND CONSTR method com/tfar/dankstorage/container/AbstractAbstractDankContainer/AbstractAbstractDankContainer (Lnet/minecraft/entity/player/InventoryPlayer;Lnet/minecraft/entity/player/EntityPlayer;Lcom/tfar/dankstorage/inventory/DankHandler;I)V com/tfar/dankstorage/container/AbstractAbstractDankContainer
Rename method net/minecraft/inventory/Container/addSlotToContainer (Lnet/minecraft/inventory/Slot;)Lnet/minecraft/inventory/Slot;[1598,1616]::addSlotToContainer->func_75146_a
Rename method net/minecraft/inventory/Container/addSlotToContainer (Lnet/minecraft/inventory/Slot;)Lnet/minecraft/inventory/Slot;[2136,2154]::addSlotToContainer->func_75146_a
Rename method net/minecraft/inventory/Slot/getItemStackLimit (Lnet/minecraft/item/ItemStack;)I[2245,2262]::getItemStackLimit->func_178170_b
Rename method net/minecraft/inventory/Slot/getSlotStackLimit ()I[2312,2329]::getSlotStackLimit->func_75219_a
Rename method net/minecraft/item/ItemStack/getMaxStackSize ()I[2334,2349]::getMaxStackSize->func_77976_d
Rename method net/minecraft/inventory/Container/addSlotToContainer (Lnet/minecraft/inventory/Slot;)Lnet/minecraft/inventory/Slot;[2505,2523]::addSlotToContainer->func_75146_a
Rename method net/minecraft/inventory/Slot/getItemStackLimit (Lnet/minecraft/item/ItemStack;)I[2596,2613]::getItemStackLimit->func_178170_b
Rename method net/minecraft/inventory/Slot/getSlotStackLimit ()I[2661,2678]::getSlotStackLimit->func_75219_a
Rename method net/minecraft/item/ItemStack/getMaxStackSize ()I[2683,2698]::getMaxStackSize->func_77976_d
Rename method net/minecraft/inventory/Container/transferStackInSlot (Lnet/minecraft/entity/player/EntityPlayer;I)Lnet/minecraft/item/ItemStack;[2769,2788]::transferStackInSlot->func_82846_b
Rename field net/minecraft/item/ItemStack/EMPTY[2855,2860]::EMPTY->field_190927_a
Rename field net/minecraft/inventory/Container/inventorySlots[2893,2907]::inventorySlots->field_75151_b
Rename method net/minecraft/inventory/Slot/getHasStack ()Z[2951,2962]::getHasStack->func_75216_d
Rename method net/minecraft/inventory/Slot/getStack ()Lnet/minecraft/item/ItemStack;[3004,3012]::getStack->func_75211_c
Rename method net/minecraft/item/ItemStack/copy ()Lnet/minecraft/item/ItemStack;[3050,3054]::copy->func_77946_l
Rename method net/minecraft/inventory/Container/mergeItemStack (Lnet/minecraft/item/ItemStack;IIZ)Z[3118,3132]::mergeItemStack->func_75135_a
Rename field net/minecraft/inventory/Container/inventorySlots[3158,3172]::inventorySlots->field_75151_b
Rename field net/minecraft/item/ItemStack/EMPTY[3217,3222]::EMPTY->field_190927_a
Rename method net/minecraft/inventory/Container/mergeItemStack (Lnet/minecraft/item/ItemStack;IIZ)Z[3268,3282]::mergeItemStack->func_75135_a
Rename field net/minecraft/item/ItemStack/EMPTY[3342,3347]::EMPTY->field_190927_a
Rename method net/minecraft/item/ItemStack/isEmpty ()Z[3391,3398]::isEmpty->func_190926_b
Rename method net/minecraft/inventory/Slot/putStack (Lnet/minecraft/item/ItemStack;)V[3424,3432]::putStack->func_75215_d
Rename field net/minecraft/item/ItemStack/EMPTY[3447,3452]::EMPTY->field_190927_a
Rename method net/minecraft/inventory/Slot/onSlotChanged ()V[3494,3507]::onSlotChanged->func_75218_e
Rename method net/minecraft/inventory/Container/slotClick (IILnet/minecraft/inventory/ClickType;Lnet/minecraft/entity/player/EntityPlayer;)Lnet/minecraft/item/ItemStack;[3591,3600]::slotClick->func_184996_a
Rename field net/minecraft/item/ItemStack/EMPTY[3714,3719]::EMPTY->field_190927_a
Rename field net/minecraft/entity/player/EntityPlayer/inventory[3776,3785]::inventory->field_71071_by
Rename method net/minecraft/inventory/Container/getDragEvent (I)I[3899,3911]::getDragEvent->func_94532_c
Rename method net/minecraft/inventory/Container/resetDrag ()V[4010,4019]::resetDrag->func_94533_d
Rename method net/minecraft/entity/player/InventoryPlayer/getItemStack ()Lnet/minecraft/item/ItemStack;[4060,4072]::getItemStack->func_70445_o
Rename method net/minecraft/item/ItemStack/isEmpty ()Z[4075,4082]::isEmpty->func_190926_b
Rename method net/minecraft/inventory/Container/resetDrag ()V[4108,4117]::resetDrag->func_94533_d
Rename method net/minecraft/inventory/Container/extractDragMode (I)I[4190,4205]::extractDragMode->func_94529_b
Rename method net/minecraft/inventory/Container/isValidDragMode (ILnet/minecraft/entity/player/EntityPlayer;)Z[4229,4244]::isValidDragMode->func_180610_a
Rename method net/minecraft/inventory/Container/resetDrag ()V[4369,4378]::resetDrag->func_94533_d
Rename field net/minecraft/inventory/Container/inventorySlots[4464,4478]::inventorySlots->field_75151_b
Rename method net/minecraft/entity/player/InventoryPlayer/getItemStack ()Lnet/minecraft/item/ItemStack;[4539,4551]::getItemStack->func_70445_o
Rename method net/minecraft/inventory/Slot/isItemValid (Lnet/minecraft/item/ItemStack;)Z[4660,4671]::isItemValid->func_75214_a
Rename method net/minecraft/item/ItemStack/getCount ()I[4722,4730]::getCount->func_190916_E
Rename method net/minecraft/inventory/Container/canDragIntoSlot (Lnet/minecraft/inventory/Slot;)Z[4771,4786]::canDragIntoSlot->func_94531_b
Rename method net/minecraft/entity/player/InventoryPlayer/getItemStack ()Lnet/minecraft/item/ItemStack;[4980,4992]::getItemStack->func_70445_o
Rename method net/minecraft/item/ItemStack/copy ()Lnet/minecraft/item/ItemStack;[4995,4999]::copy->func_77946_l
Rename method net/minecraft/entity/player/InventoryPlayer/getItemStack ()Lnet/minecraft/item/ItemStack;[5047,5059]::getItemStack->func_70445_o
Rename method net/minecraft/item/ItemStack/getCount ()I[5062,5070]::getCount->func_190916_E
Rename method net/minecraft/entity/player/InventoryPlayer/getItemStack ()Lnet/minecraft/item/ItemStack;[5183,5195]::getItemStack->func_70445_o
Rename method net/minecraft/inventory/Slot/isItemValid (Lnet/minecraft/item/ItemStack;)Z[5325,5336]::isItemValid->func_75214_a
Rename method net/minecraft/item/ItemStack/getCount ()I[5387,5395]::getCount->func_190916_E
Rename method net/minecraft/inventory/Container/canDragIntoSlot (Lnet/minecraft/inventory/Slot;)Z[5437,5452]::canDragIntoSlot->func_94531_b
Rename method net/minecraft/item/ItemStack/copy ()Lnet/minecraft/item/ItemStack;[5517,5521]::copy->func_77946_l
Rename method net/minecraft/inventory/Slot/getHasStack ()Z[5566,5577]::getHasStack->func_75216_d
Rename method net/minecraft/inventory/Slot/getStack ()Lnet/minecraft/item/ItemStack;[5592,5600]::getStack->func_75211_c
Rename method net/minecraft/item/ItemStack/getCount ()I[5607,5615]::getCount->func_190916_E
Rename method net/minecraft/inventory/Container/computeStackSize (Ljava/util/Set;ILnet/minecraft/item/ItemStack;I)V[5643,5659]::computeStackSize->func_94525_a
Rename method net/minecraft/inventory/Slot/getItemStackLimit (Lnet/minecraft/item/ItemStack;)I[5738,5755]::getItemStackLimit->func_178170_b
Rename method net/minecraft/item/ItemStack/getCount ()I[5799,5807]::getCount->func_190916_E
Rename method net/minecraft/item/ItemStack/setCount (I)V[5852,5860]::setCount->func_190920_e
Rename method net/minecraft/item/ItemStack/getCount ()I[5923,5931]::getCount->func_190916_E
Rename method net/minecraft/inventory/Slot/putStack (Lnet/minecraft/item/ItemStack;)V[5969,5977]::putStack->func_75215_d
Rename method net/minecraft/item/ItemStack/setCount (I)V[6052,6060]::setCount->func_190920_e
Rename method net/minecraft/entity/player/InventoryPlayer/setItemStack (Lnet/minecraft/item/ItemStack;)V[6098,6110]::setItemStack->func_70437_b
Rename method net/minecraft/inventory/Container/resetDrag ()V[6155,6164]::resetDrag->func_94533_d
Rename method net/minecraft/inventory/Container/resetDrag ()V[6201,6210]::resetDrag->func_94533_d
Rename method net/minecraft/inventory/Container/resetDrag ()V[6277,6286]::resetDrag->func_94533_d
Rename method net/minecraft/entity/player/InventoryPlayer/getItemStack ()Lnet/minecraft/item/ItemStack;[6480,6492]::getItemStack->func_70445_o
Rename method net/minecraft/item/ItemStack/isEmpty ()Z[6495,6502]::isEmpty->func_190926_b
Rename method net/minecraft/entity/player/EntityPlayer/dropItem (Lnet/minecraft/item/ItemStack;Z)Lnet/minecraft/entity/item/EntityItem;[6566,6574]::dropItem->func_71019_a
Rename method net/minecraft/entity/player/InventoryPlayer/getItemStack ()Lnet/minecraft/item/ItemStack;[6595,6607]::getItemStack->func_70445_o
Rename method net/minecraft/entity/player/InventoryPlayer/setItemStack (Lnet/minecraft/item/ItemStack;)V[6647,6659]::setItemStack->func_70437_b
Rename field net/minecraft/item/ItemStack/EMPTY[6670,6675]::EMPTY->field_190927_a
Rename method net/minecraft/entity/player/EntityPlayer/dropItem (Lnet/minecraft/item/ItemStack;Z)Lnet/minecraft/entity/item/EntityItem;[6754,6762]::dropItem->func_71019_a
Rename method net/minecraft/entity/player/InventoryPlayer/getItemStack ()Lnet/minecraft/item/ItemStack;[6783,6795]::getItemStack->func_70445_o
Rename method net/minecraft/item/ItemStack/splitStack (I)Lnet/minecraft/item/ItemStack;[6798,6808]::splitStack->func_77979_a
Rename field net/minecraft/item/ItemStack/EMPTY[6958,6963]::EMPTY->field_190927_a
Rename field net/minecraft/inventory/Container/inventorySlots[7014,7028]::inventorySlots->field_75151_b
Rename method net/minecraft/inventory/Slot/canTakeStack (Lnet/minecraft/entity/player/EntityPlayer;)Z[7080,7092]::canTakeStack->func_82869_a
Rename field net/minecraft/item/ItemStack/EMPTY[7132,7137]::EMPTY->field_190927_a
Rename method net/minecraft/inventory/Container/transferStackInSlot (Lnet/minecraft/entity/player/EntityPlayer;I)Lnet/minecraft/item/ItemStack;[7203,7222]::transferStackInSlot->func_82846_b
Rename method net/minecraft/item/ItemStack/isEmpty ()Z[7245,7252]::isEmpty->func_190926_b
Rename method net/minecraft/item/ItemStack/areItemsEqual (Lnet/minecraft/item/ItemStack;Lnet/minecraft/item/ItemStack;)Z[7274,7287]::areItemsEqual->func_179545_c
Rename method net/minecraft/inventory/Slot/getStack ()Lnet/minecraft/item/ItemStack;[7294,7302]::getStack->func_75211_c
Rename method net/minecraft/inventory/Container/transferStackInSlot (Lnet/minecraft/entity/player/EntityPlayer;I)Lnet/minecraft/item/ItemStack;[7341,7360]::transferStackInSlot->func_82846_b
Rename method net/minecraft/item/ItemStack/copy ()Lnet/minecraft/item/ItemStack;[7407,7411]::copy->func_77946_l
Rename field net/minecraft/item/ItemStack/EMPTY[7505,7510]::EMPTY->field_190927_a
Rename field net/minecraft/inventory/Container/inventorySlots[7561,7575]::inventorySlots->field_75151_b
Rename method net/minecraft/inventory/Slot/getStack ()Lnet/minecraft/item/ItemStack;[7659,7667]::getStack->func_75211_c
Rename method net/minecraft/entity/player/InventoryPlayer/getItemStack ()Lnet/minecraft/item/ItemStack;[7725,7737]::getItemStack->func_70445_o
Rename method net/minecraft/item/ItemStack/isEmpty ()Z[7769,7776]::isEmpty->func_190926_b
Rename method net/minecraft/item/ItemStack/copy ()Lnet/minecraft/item/ItemStack;[7823,7827]::copy->func_77946_l
Rename method net/minecraft/item/ItemStack/isEmpty ()Z[7879,7886]::isEmpty->func_190926_b
Rename method net/minecraft/item/ItemStack/isEmpty ()Z[7927,7934]::isEmpty->func_190926_b
Rename method net/minecraft/inventory/Slot/isItemValid (Lnet/minecraft/item/ItemStack;)Z[7952,7963]::isItemValid->func_75214_a
Rename method net/minecraft/item/ItemStack/getCount ()I[8031,8039]::getCount->func_190916_E
Rename method net/minecraft/inventory/Slot/getItemStackLimit (Lnet/minecraft/item/ItemStack;)I[8084,8101]::getItemStackLimit->func_178170_b
Rename method net/minecraft/inventory/Slot/getItemStackLimit (Lnet/minecraft/item/ItemStack;)I[8141,8158]::getItemStackLimit->func_178170_b
Rename method net/minecraft/inventory/Slot/putStack (Lnet/minecraft/item/ItemStack;)V[8208,8216]::putStack->func_75215_d
Rename method net/minecraft/item/ItemStack/splitStack (I)Lnet/minecraft/item/ItemStack;[8232,8242]::splitStack->func_77979_a
Rename method net/minecraft/inventory/Slot/canTakeStack (Lnet/minecraft/entity/player/EntityPlayer;)Z[8294,8306]::canTakeStack->func_82869_a
Rename method net/minecraft/item/ItemStack/isEmpty ()Z[8346,8353]::isEmpty->func_190926_b
Rename method net/minecraft/item/ItemStack/isEmpty ()Z[8394,8401]::isEmpty->func_190926_b
Rename method net/minecraft/inventory/Slot/putStack (Lnet/minecraft/item/ItemStack;)V[8436,8444]::putStack->func_75215_d
Rename field net/minecraft/item/ItemStack/EMPTY[8459,8464]::EMPTY->field_190927_a
Rename method net/minecraft/entity/player/InventoryPlayer/setItemStack (Lnet/minecraft/item/ItemStack;)V[8509,8521]::setItemStack->func_70437_b
Rename field net/minecraft/item/ItemStack/EMPTY[8532,8537]::EMPTY->field_190927_a
Rename method net/minecraft/item/ItemStack/getCount ()I[8625,8633]::getCount->func_190916_E
Rename method net/minecraft/item/ItemStack/getCount ()I[8654,8662]::getCount->func_190916_E
Rename method net/minecraft/entity/player/InventoryPlayer/setItemStack (Lnet/minecraft/item/ItemStack;)V[8713,8725]::setItemStack->func_70437_b
Rename method net/minecraft/inventory/Slot/decrStackSize (I)Lnet/minecraft/item/ItemStack;[8732,8745]::decrStackSize->func_75209_a
Rename method net/minecraft/item/ItemStack/isEmpty ()Z[8784,8791]::isEmpty->func_190926_b
Rename method net/minecraft/inventory/Slot/putStack (Lnet/minecraft/item/ItemStack;)V[8828,8836]::putStack->func_75215_d
Rename field net/minecraft/item/ItemStack/EMPTY[8851,8856]::EMPTY->field_190927_a
Rename method net/minecraft/inventory/Slot/onTake (Lnet/minecraft/entity/player/EntityPlayer;Lnet/minecraft/item/ItemStack;)Lnet/minecraft/item/ItemStack;[8912,8918]::onTake->func_190901_a
Rename method net/minecraft/entity/player/InventoryPlayer/getItemStack ()Lnet/minecraft/item/ItemStack;[8950,8962]::getItemStack->func_70445_o
Rename method net/minecraft/inventory/Slot/isItemValid (Lnet/minecraft/item/ItemStack;)Z[9014,9025]::isItemValid->func_75214_a
Rename method net/minecraft/item/ItemStack/getItem ()Lnet/minecraft/item/Item;[9071,9078]::getItem->func_77973_b
Rename method net/minecraft/item/ItemStack/getItem ()Lnet/minecraft/item/Item;[9100,9107]::getItem->func_77973_b
Rename method net/minecraft/item/ItemStack/getMetadata ()I[9128,9139]::getMetadata->func_77960_j
Rename method net/minecraft/item/ItemStack/getMetadata ()I[9157,9168]::getMetadata->func_77960_j
Rename method net/minecraft/item/ItemStack/areItemStackTagsEqual (Lnet/minecraft/item/ItemStack;Lnet/minecraft/item/ItemStack;)Z[9185,9206]::areItemStackTagsEqual->func_77970_a
Rename method net/minecraft/item/ItemStack/getCount ()I[9277,9285]::getCount->func_190916_E
Rename method net/minecraft/inventory/Slot/getItemStackLimit (Lnet/minecraft/item/ItemStack;)I[9332,9349]::getItemStackLimit->func_178170_b
Rename method net/minecraft/item/ItemStack/getCount ()I[9370,9378]::getCount->func_190916_E
Rename method net/minecraft/inventory/Slot/getItemStackLimit (Lnet/minecraft/item/ItemStack;)I[9419,9436]::getItemStackLimit->func_178170_b
Rename method net/minecraft/item/ItemStack/getCount ()I[9457,9465]::getCount->func_190916_E
Rename method net/minecraft/item/ItemStack/shrink (I)V[9523,9529]::shrink->func_190918_g
Rename method net/minecraft/item/ItemStack/grow (I)V[9569,9573]::grow->func_190917_f
Rename method net/minecraft/item/ItemStack/getCount ()I[9625,9633]::getCount->func_190916_E
Rename method net/minecraft/inventory/Slot/getItemStackLimit (Lnet/minecraft/item/ItemStack;)I[9650,9667]::getItemStackLimit->func_178170_b
Rename method net/minecraft/inventory/Slot/putStack (Lnet/minecraft/item/ItemStack;)V[9761,9769]::putStack->func_75215_d
Rename method net/minecraft/entity/player/InventoryPlayer/setItemStack (Lnet/minecraft/item/ItemStack;)V[9820,9832]::setItemStack->func_70437_b
Rename method net/minecraft/item/ItemStack/getItem ()Lnet/minecraft/item/Item;[9896,9903]::getItem->func_77973_b
Rename method net/minecraft/item/ItemStack/getItem ()Lnet/minecraft/item/Item;[9925,9932]::getItem->func_77973_b
Rename method net/minecraft/item/ItemStack/getMaxStackSize ()I[9954,9969]::getMaxStackSize->func_77976_d
Rename method net/minecraft/item/ItemStack/getHasSubtypes ()Z[9988,10002]::getHasSubtypes->func_77981_g
Rename method net/minecraft/item/ItemStack/getMetadata ()I[10016,10027]::getMetadata->func_77960_j
Rename method net/minecraft/item/ItemStack/getMetadata ()I[10045,10056]::getMetadata->func_77960_j
Rename method net/minecraft/item/ItemStack/areItemStackTagsEqual (Lnet/minecraft/item/ItemStack;Lnet/minecraft/item/ItemStack;)Z[10074,10095]::areItemStackTagsEqual->func_77970_a
Rename method net/minecraft/item/ItemStack/isEmpty ()Z[10124,10131]::isEmpty->func_190926_b
Rename method net/minecraft/item/ItemStack/getCount ()I[10177,10185]::getCount->func_190916_E
Rename method net/minecraft/item/ItemStack/getCount ()I[10231,10239]::getCount->func_190916_E
Rename method net/minecraft/item/ItemStack/getMaxStackSize ()I[10261,10276]::getMaxStackSize->func_77976_d
Rename method net/minecraft/item/ItemStack/grow (I)V[10307,10311]::grow->func_190917_f
Rename method net/minecraft/inventory/Slot/decrStackSize (I)Lnet/minecraft/item/ItemStack;[10361,10374]::decrStackSize->func_75209_a
Rename method net/minecraft/item/ItemStack/isEmpty ()Z[10412,10419]::isEmpty->func_190926_b
Rename method net/minecraft/inventory/Slot/putStack (Lnet/minecraft/item/ItemStack;)V[10456,10464]::putStack->func_75215_d
Rename field net/minecraft/item/ItemStack/EMPTY[10479,10484]::EMPTY->field_190927_a
Rename method net/minecraft/inventory/Slot/onTake (Lnet/minecraft/entity/player/EntityPlayer;Lnet/minecraft/item/ItemStack;)Lnet/minecraft/item/ItemStack;[10540,10546]::onTake->func_190901_a
Rename method net/minecraft/entity/player/InventoryPlayer/getItemStack ()Lnet/minecraft/item/ItemStack;[10578,10590]::getItemStack->func_70445_o
Rename method net/minecraft/inventory/Slot/onSlotChanged ()V[10659,10672]::onSlotChanged->func_75218_e
Rename field net/minecraft/inventory/Container/inventorySlots[10802,10816]::inventorySlots->field_75151_b
Rename method net/minecraft/inventory/IInventory/getStackInSlot (I)Lnet/minecraft/item/ItemStack;[10875,10889]::getStackInSlot->func_70301_a
Rename method net/minecraft/inventory/Slot/getStack ()Lnet/minecraft/item/ItemStack;[10934,10942]::getStack->func_75211_c
Rename method net/minecraft/item/ItemStack/isEmpty ()Z[10975,10982]::isEmpty->func_190926_b
Rename method net/minecraft/item/ItemStack/isEmpty ()Z[11005,11012]::isEmpty->func_190926_b
Rename method net/minecraft/item/ItemStack/isEmpty ()Z[11048,11055]::isEmpty->func_190926_b
Rename method net/minecraft/inventory/Slot/canTakeStack (Lnet/minecraft/entity/player/EntityPlayer;)Z[11088,11100]::canTakeStack->func_82869_a
Rename method net/minecraft/item/ItemStack/getMaxStackSize ()I[11151,11166]::getMaxStackSize->func_77976_d
Rename method net/minecraft/item/ItemStack/getCount ()I[11194,11202]::getCount->func_190916_E
Rename method net/minecraft/item/ItemStack/copy ()Lnet/minecraft/item/ItemStack;[11275,11279]::copy->func_77946_l
Rename method net/minecraft/item/ItemStack/splitStack (I)Lnet/minecraft/item/ItemStack;[11342,11352]::splitStack->func_77979_a
Rename method net/minecraft/inventory/IInventory/setInventorySlotContents (ILnet/minecraft/item/ItemStack;)V[11398,11422]::setInventorySlotContents->func_70299_a
Rename method net/minecraft/inventory/Slot/putStack (Lnet/minecraft/item/ItemStack;)V[11514,11522]::putStack->func_75215_d
Rename method net/minecraft/inventory/Slot/onTake (Lnet/minecraft/entity/player/EntityPlayer;Lnet/minecraft/item/ItemStack;)Lnet/minecraft/item/ItemStack;[11563,11569]::onTake->func_190901_a
Rename method net/minecraft/inventory/IInventory/setInventorySlotContents (ILnet/minecraft/item/ItemStack;)V[11651,11675]::setInventorySlotContents->func_70299_a
Rename method net/minecraft/inventory/Slot/putStack (Lnet/minecraft/item/ItemStack;)V[11765,11773]::putStack->func_75215_d
Rename field net/minecraft/item/ItemStack/EMPTY[11788,11793]::EMPTY->field_190927_a
Rename method net/minecraft/inventory/Slot/onTake (Lnet/minecraft/entity/player/EntityPlayer;Lnet/minecraft/item/ItemStack;)Lnet/minecraft/item/ItemStack;[11826,11832]::onTake->func_190901_a
Rename method net/minecraft/item/ItemStack/isEmpty ()Z[11918,11925]::isEmpty->func_190926_b
Rename method net/minecraft/inventory/Slot/isItemValid (Lnet/minecraft/item/ItemStack;)Z[11958,11969]::isItemValid->func_75214_a
Rename method net/minecraft/inventory/Slot/getItemStackLimit (Lnet/minecraft/item/ItemStack;)I[12014,12031]::getItemStackLimit->func_178170_b
Rename method net/minecraft/item/ItemStack/getCount ()I[12071,12079]::getCount->func_190916_E
Rename method net/minecraft/inventory/Slot/putStack (Lnet/minecraft/item/ItemStack;)V[12116,12124]::putStack->func_75215_d
Rename method net/minecraft/item/ItemStack/splitStack (I)Lnet/minecraft/item/ItemStack;[12140,12150]::splitStack->func_77979_a
Rename method net/minecraft/inventory/Slot/putStack (Lnet/minecraft/item/ItemStack;)V[12202,12210]::putStack->func_75215_d
Rename method net/minecraft/inventory/IInventory/setInventorySlotContents (ILnet/minecraft/item/ItemStack;)V[12259,12283]::setInventorySlotContents->func_70299_a
Rename field net/minecraft/item/ItemStack/EMPTY[12292,12297]::EMPTY->field_190927_a
Rename method net/minecraft/inventory/Slot/canTakeStack (Lnet/minecraft/entity/player/EntityPlayer;)Z[12363,12375]::canTakeStack->func_82869_a
Rename method net/minecraft/inventory/Slot/isItemValid (Lnet/minecraft/item/ItemStack;)Z[12393,12404]::isItemValid->func_75214_a
Rename method net/minecraft/inventory/Slot/getItemStackLimit (Lnet/minecraft/item/ItemStack;)I[12447,12464]::getItemStackLimit->func_178170_b
Rename method net/minecraft/item/ItemStack/getCount ()I[12502,12510]::getCount->func_190916_E
Rename method net/minecraft/inventory/Slot/putStack (Lnet/minecraft/item/ItemStack;)V[12545,12553]::putStack->func_75215_d
Rename method net/minecraft/item/ItemStack/splitStack (I)Lnet/minecraft/item/ItemStack;[12569,12579]::splitStack->func_77979_a
Rename method net/minecraft/inventory/Slot/onTake (Lnet/minecraft/entity/player/EntityPlayer;Lnet/minecraft/item/ItemStack;)Lnet/minecraft/item/ItemStack;[12607,12613]::onTake->func_190901_a
Rename method net/minecraft/entity/player/InventoryPlayer/addItemStackToInventory (Lnet/minecraft/item/ItemStack;)Z[12677,12700]::addItemStackToInventory->func_70441_a
Rename method net/minecraft/entity/player/EntityPlayer/dropItem (Lnet/minecraft/item/ItemStack;Z)Lnet/minecraft/entity/item/EntityItem;[12726,12734]::dropItem->func_71019_a
Rename method net/minecraft/inventory/Slot/putStack (Lnet/minecraft/item/ItemStack;)V[12811,12819]::putStack->func_75215_d
Rename method net/minecraft/item/ItemStack/getCount ()I[12864,12872]::getCount->func_190916_E
Rename method net/minecraft/item/ItemStack/getMaxStackSize ()I[12892,12907]::getMaxStackSize->func_77976_d
Rename method net/minecraft/item/ItemStack/copy ()Lnet/minecraft/item/ItemStack;[12957,12961]::copy->func_77946_l
Rename method net/minecraft/inventory/IInventory/setInventorySlotContents (ILnet/minecraft/item/ItemStack;)V[13004,13028]::setInventorySlotContents->func_70299_a
Rename method net/minecraft/item/ItemStack/splitStack (I)Lnet/minecraft/item/ItemStack;[13037,13047]::splitStack->func_77979_a
Rename method net/minecraft/item/ItemStack/getMaxStackSize ()I[13060,13075]::getMaxStackSize->func_77976_d
Rename method net/minecraft/entity/player/InventoryPlayer/addItemStackToInventory (Lnet/minecraft/item/ItemStack;)Z[13114,13137]::addItemStackToInventory->func_70441_a
Rename method net/minecraft/entity/player/EntityPlayer/dropItem (Lnet/minecraft/item/ItemStack;Z)Lnet/minecraft/entity/item/EntityItem;[13165,13173]::dropItem->func_71019_a
Rename method net/minecraft/inventory/IInventory/setInventorySlotContents (ILnet/minecraft/item/ItemStack;)V[13266,13290]::setInventorySlotContents->func_70299_a
Rename method net/minecraft/inventory/Slot/onTake (Lnet/minecraft/entity/player/EntityPlayer;Lnet/minecraft/item/ItemStack;)Lnet/minecraft/item/ItemStack;[13335,13341]::onTake->func_190901_a
Rename field net/minecraft/entity/player/EntityPlayer/capabilities[13459,13471]::capabilities->field_71075_bZ
Rename field net/minecraft/entity/player/PlayerCapabilities/isCreativeMode[13474,13488]::isCreativeMode->field_75098_d
Rename method net/minecraft/entity/player/InventoryPlayer/getItemStack ()Lnet/minecraft/item/ItemStack;[13507,13519]::getItemStack->func_70445_o
Rename method net/minecraft/item/ItemStack/isEmpty ()Z[13522,13529]::isEmpty->func_190926_b
Rename field net/minecraft/inventory/Container/inventorySlots[13581,13595]::inventorySlots->field_75151_b
Rename method net/minecraft/inventory/Slot/getHasStack ()Z[13644,13655]::getHasStack->func_75216_d
Rename method net/minecraft/inventory/Slot/getStack ()Lnet/minecraft/item/ItemStack;[13700,13708]::getStack->func_75211_c
Rename method net/minecraft/item/ItemStack/copy ()Lnet/minecraft/item/ItemStack;[13715,13719]::copy->func_77946_l
Rename method net/minecraft/item/ItemStack/setCount (I)V[13751,13759]::setCount->func_190920_e
Rename method net/minecraft/item/ItemStack/getMaxStackSize ()I[13776,13791]::getMaxStackSize->func_77976_d
Rename method net/minecraft/entity/player/InventoryPlayer/setItemStack (Lnet/minecraft/item/ItemStack;)V[13818,13830]::setItemStack->func_70437_b
Rename method net/minecraft/entity/player/InventoryPlayer/getItemStack ()Lnet/minecraft/item/ItemStack;[13919,13931]::getItemStack->func_70445_o
Rename method net/minecraft/item/ItemStack/isEmpty ()Z[13934,13941]::isEmpty->func_190926_b
Rename field net/minecraft/inventory/Container/inventorySlots[13993,14007]::inventorySlots->field_75151_b
Rename method net/minecraft/inventory/Slot/getHasStack ()Z[14056,14067]::getHasStack->func_75216_d
Rename method net/minecraft/inventory/Slot/canTakeStack (Lnet/minecraft/entity/player/EntityPlayer;)Z[14080,14092]::canTakeStack->func_82869_a
Rename method net/minecraft/inventory/Slot/decrStackSize (I)Lnet/minecraft/item/ItemStack;[14142,14155]::decrStackSize->func_75209_a
Rename method net/minecraft/inventory/Slot/getStack ()Lnet/minecraft/item/ItemStack;[14181,14189]::getStack->func_75211_c
Rename method net/minecraft/item/ItemStack/getCount ()I[14196,14204]::getCount->func_190916_E
Rename method net/minecraft/inventory/Slot/onTake (Lnet/minecraft/entity/player/EntityPlayer;Lnet/minecraft/item/ItemStack;)Lnet/minecraft/item/ItemStack;[14229,14235]::onTake->func_190901_a
Rename method net/minecraft/entity/player/EntityPlayer/dropItem (Lnet/minecraft/item/ItemStack;Z)Lnet/minecraft/entity/item/EntityItem;[14280,14288]::dropItem->func_71019_a
Rename field net/minecraft/inventory/Container/inventorySlots[14415,14429]::inventorySlots->field_75151_b
Rename method net/minecraft/entity/player/InventoryPlayer/getItemStack ()Lnet/minecraft/item/ItemStack;[14488,14500]::getItemStack->func_70445_o
Rename method net/minecraft/item/ItemStack/isEmpty ()Z[14529,14536]::isEmpty->func_190926_b
Rename method net/minecraft/inventory/Slot/getHasStack ()Z[14571,14582]::getHasStack->func_75216_d
Rename method net/minecraft/inventory/Slot/canTakeStack (Lnet/minecraft/entity/player/EntityPlayer;)Z[14595,14607]::canTakeStack->func_82869_a
Rename field net/minecraft/inventory/Container/inventorySlots[14662,14676]::inventorySlots->field_75151_b
Rename field net/minecraft/inventory/Container/inventorySlots[14816,14830]::inventorySlots->field_75151_b
Rename method net/minecraft/item/ItemStack/getCount ()I[14851,14859]::getCount->func_190916_E
Rename method net/minecraft/item/ItemStack/getMaxStackSize ()I[14880,14895]::getMaxStackSize->func_77976_d
Rename field net/minecraft/inventory/Container/inventorySlots[14937,14951]::inventorySlots->field_75151_b
Rename method net/minecraft/inventory/Slot/getHasStack ()Z[14984,14995]::getHasStack->func_75216_d
Rename method net/minecraft/inventory/Slot/canTakeStack (Lnet/minecraft/entity/player/EntityPlayer;)Z[15075,15087]::canTakeStack->func_82869_a
Rename method net/minecraft/inventory/Container/canMergeSlot (Lnet/minecraft/item/ItemStack;Lnet/minecraft/inventory/Slot;)Z[15104,15116]::canMergeSlot->func_94530_a
Rename method net/minecraft/inventory/Slot/getStack ()Lnet/minecraft/item/ItemStack;[15183,15191]::getStack->func_75211_c
Rename method net/minecraft/item/ItemStack/getCount ()I[15241,15249]::getCount->func_190916_E
Rename method net/minecraft/inventory/Slot/getItemStackLimit (Lnet/minecraft/item/ItemStack;)I[15265,15282]::getItemStackLimit->func_178170_b
Rename method net/minecraft/item/ItemStack/getMaxStackSize ()I[15340,15355]::getMaxStackSize->func_77976_d
Rename method net/minecraft/item/ItemStack/getCount ()I[15368,15376]::getCount->func_190916_E
Rename method net/minecraft/item/ItemStack/getCount ()I[15396,15404]::getCount->func_190916_E
Rename method net/minecraft/inventory/Slot/decrStackSize (I)Lnet/minecraft/item/ItemStack;[15460,15473]::decrStackSize->func_75209_a
Rename method net/minecraft/item/ItemStack/grow (I)V[15506,15510]::grow->func_190917_f
Rename method net/minecraft/item/ItemStack/isEmpty ()Z[15559,15566]::isEmpty->func_190926_b
Rename method net/minecraft/inventory/Slot/putStack (Lnet/minecraft/item/ItemStack;)V[15603,15611]::putStack->func_75215_d
Rename field net/minecraft/item/ItemStack/EMPTY[15626,15631]::EMPTY->field_190927_a
Rename method net/minecraft/inventory/Slot/onTake (Lnet/minecraft/entity/player/EntityPlayer;Lnet/minecraft/item/ItemStack;)Lnet/minecraft/item/ItemStack;[15687,15693]::onTake->func_190901_a
Rename method net/minecraft/inventory/Container/detectAndSendChanges ()V[15801,15821]::detectAndSendChanges->func_75142_b
Rename method net/minecraft/item/ItemStack/getCount ()I[15845,15853]::getCount->func_190916_E
Rename method net/minecraft/item/ItemStack/copy ()Lnet/minecraft/item/ItemStack;[15898,15902]::copy->func_77946_l
Rename method net/minecraft/item/ItemStack/setCount (I)V[15931,15939]::setCount->func_190920_e
Rename method net/minecraft/inventory/Container/canInteractWith (Lnet/minecraft/entity/player/EntityPlayer;)Z[16020,16035]::canInteractWith->func_75145_c
Rename method net/minecraft/inventory/Container/mergeItemStack (Lnet/minecraft/item/ItemStack;IIZ)Z[16117,16131]::mergeItemStack->func_75135_a
Rename method net/minecraft/item/ItemStack/isEmpty ()Z[16341,16348]::isEmpty->func_190926_b
Rename field net/minecraft/inventory/Container/inventorySlots[16513,16527]::inventorySlots->field_75151_b
Rename method net/minecraft/inventory/Slot/getStack ()Lnet/minecraft/item/ItemStack;[16569,16577]::getStack->func_75211_c
Rename method net/minecraft/item/ItemStack/isEmpty ()Z[16609,16616]::isEmpty->func_190926_b
Rename method net/minecraft/item/ItemStack/getItem ()Lnet/minecraft/item/Item;[16638,16645]::getItem->func_77973_b
Rename method net/minecraft/item/ItemStack/getItem ()Lnet/minecraft/item/Item;[16662,16669]::getItem->func_77973_b
Rename method net/minecraft/item/ItemStack/getMetadata ()I[16687,16698]::getMetadata->func_77960_j
Rename method net/minecraft/item/ItemStack/getMetadata ()I[16715,16726]::getMetadata->func_77960_j
Rename method net/minecraft/item/ItemStack/areItemStackTagsEqual (Lnet/minecraft/item/ItemStack;Lnet/minecraft/item/ItemStack;)Z[16744,16765]::areItemStackTagsEqual->func_77970_a
Rename method net/minecraft/item/ItemStack/getCount ()I[16805,16813]::getCount->func_190916_E
Rename method net/minecraft/item/ItemStack/getCount ()I[16829,16837]::getCount->func_190916_E
Rename method net/minecraft/inventory/Slot/getItemStackLimit (Lnet/minecraft/item/ItemStack;)I[16874,16891]::getItemStackLimit->func_178170_b
Rename method net/minecraft/item/ItemStack/setCount (I)V[16948,16956]::setCount->func_190920_e
Rename method net/minecraft/item/ItemStack/setCount (I)V[16987,16995]::setCount->func_190920_e
Rename method net/minecraft/inventory/Slot/onSlotChanged ()V[17021,17034]::onSlotChanged->func_75218_e
Rename method net/minecraft/item/ItemStack/getCount ()I[17091,17099]::getCount->func_190916_E
Rename method net/minecraft/item/ItemStack/shrink (I)V[17137,17143]::shrink->func_190918_g
Rename method net/minecraft/item/ItemStack/getCount ()I[17171,17179]::getCount->func_190916_E
Rename method net/minecraft/item/ItemStack/setCount (I)V[17210,17218]::setCount->func_190920_e
Rename method net/minecraft/inventory/Slot/onSlotChanged ()V[17250,17263]::onSlotChanged->func_75218_e
Rename method net/minecraft/item/ItemStack/isEmpty ()Z[17378,17385]::isEmpty->func_190926_b
Rename field net/minecraft/inventory/Container/inventorySlots[17662,17676]::inventorySlots->field_75151_b
Rename method net/minecraft/inventory/Slot/getStack ()Lnet/minecraft/item/ItemStack;[17722,17730]::getStack->func_75211_c
Rename method net/minecraft/item/ItemStack/isEmpty ()Z[17764,17771]::isEmpty->func_190926_b
Rename method net/minecraft/inventory/Slot/isItemValid (Lnet/minecraft/item/ItemStack;)Z[17789,17800]::isItemValid->func_75214_a
Rename method net/minecraft/item/ItemStack/getCount ()I[17833,17841]::getCount->func_190916_E
Rename method net/minecraft/inventory/Slot/getItemStackLimit (Lnet/minecraft/item/ItemStack;)I[17857,17874]::getItemStackLimit->func_178170_b
Rename method net/minecraft/inventory/Slot/putStack (Lnet/minecraft/item/ItemStack;)V[17900,17908]::putStack->func_75215_d
Rename method net/minecraft/item/ItemStack/splitStack (I)Lnet/minecraft/item/ItemStack;[17919,17929]::splitStack->func_77979_a
Rename method net/minecraft/inventory/Slot/getItemStackLimit (Lnet/minecraft/item/ItemStack;)I[17938,17955]::getItemStackLimit->func_178170_b
Rename method net/minecraft/inventory/Slot/putStack (Lnet/minecraft/item/ItemStack;)V[18001,18009]::putStack->func_75215_d
Rename method net/minecraft/item/ItemStack/splitStack (I)Lnet/minecraft/item/ItemStack;[18020,18030]::splitStack->func_77979_a
Rename method net/minecraft/item/ItemStack/getCount ()I[18039,18047]::getCount->func_190916_E
Rename method net/minecraft/inventory/Slot/onSlotChanged ()V[18090,18103]::onSlotChanged->func_75218_e
Rename method net/minecraft/inventory/Container/resetDrag ()V[18278,18287]::resetDrag->func_94533_d
Rename method net/minecraft/inventory/Slot/getHasStack ()Z[18504,18515]::getHasStack->func_75216_d
Rename method net/minecraft/inventory/Slot/getStack ()Lnet/minecraft/item/ItemStack;[18552,18560]::getStack->func_75211_c
Rename method net/minecraft/item/ItemStack/isItemEqual (Lnet/minecraft/item/ItemStack;)Z[18594,18605]::isItemEqual->func_77969_a
Rename method net/minecraft/item/ItemStack/areItemStackTagsEqual (Lnet/minecraft/item/ItemStack;Lnet/minecraft/item/ItemStack;)Z[18631,18652]::areItemStackTagsEqual->func_77970_a
Rename method net/minecraft/item/ItemStack/getCount ()I[18689,18697]::getCount->func_190916_E
Rename method net/minecraft/item/ItemStack/getCount ()I[18737,18745]::getCount->func_190916_E
Rename method net/minecraft/inventory/Slot/getItemStackLimit (Lnet/minecraft/item/ItemStack;)I[18762,18779]::getItemStackLimit->func_178170_b
Rename method net/minecraft/inventory/Container/detectAndSendChanges ()V[18848,18868]::detectAndSendChanges->func_75142_b
Rename field net/minecraft/inventory/Container/inventorySlots[18895,18909]::inventorySlots->field_75151_b
Rename field net/minecraft/inventory/Container/inventorySlots[18959,18973]::inventorySlots->field_75151_b
Rename method net/minecraft/inventory/Slot/getStack ()Lnet/minecraft/item/ItemStack;[18981,18989]::getStack->func_75211_c
Rename field net/minecraft/inventory/Container/inventoryItemStacks[19032,19051]::inventoryItemStacks->field_75153_a
Rename method net/minecraft/item/ItemStack/areItemStacksEqual (Lnet/minecraft/item/ItemStack;Lnet/minecraft/item/ItemStack;)Z[19078,19096]::areItemStacksEqual->func_77989_b
Rename method net/minecraft/item/ItemStack/isEmpty ()Z[19149,19156]::isEmpty->func_190926_b
Rename field net/minecraft/item/ItemStack/EMPTY[19177,19182]::EMPTY->field_190927_a
Rename method net/minecraft/item/ItemStack/copy ()Lnet/minecraft/item/ItemStack;[19204,19208]::copy->func_77946_l
Rename field net/minecraft/inventory/Container/inventoryItemStacks[19234,19253]::inventoryItemStacks->field_75153_a
Rename method net/minecraft/inventory/Container/addListener (Lnet/minecraft/inventory/IContainerListener;)V[19319,19330]::addListener->func_75132_a
Rename field net/minecraft/inventory/Container/listeners[19377,19386]::listeners->field_75149_d
Rename field net/minecraft/inventory/Container/listeners[19512,19521]::listeners->field_75149_d
Rename field net/minecraft/entity/player/EntityPlayerMP/connection[19666,19676]::connection->field_71135_a
Rename method net/minecraft/network/NetHandlerPlayServer/sendPacket (Lnet/minecraft/network/Packet;)V[19680,19690]::sendPacket->func_147359_a
Rename field net/minecraft/entity/player/EntityPlayer/inventory[19728,19737]::inventory->field_71071_by
Rename method net/minecraft/entity/player/InventoryPlayer/getItemStack ()Lnet/minecraft/item/ItemStack;[19743,19755]::getItemStack->func_70445_o
Rename method net/minecraft/inventory/Container/detectAndSendChanges ()V[19782,19802]::detectAndSendChanges->func_75142_b
Import: com.google.common.collect.Sets
Import: com.tfar.dankstorage.inventory.DankHandler
Import: com.tfar.dankstorage.inventory.DankSlot
Import: net.minecraft.entity.player.EntityPlayer
Import: net.minecraft.entity.player.InventoryPlayer
Import: net.minecraft.entity.player.EntityPlayerMP
Import: net.minecraft.inventory.*
Import: net.minecraft.item.ItemStack
Import: net.minecraft.network.play.server.SPacketSetSlot
Import: javax.annotation.Nullable
Import: java.util.Set
End  Processing: com/tfar/dankstorage/container/AbstractAbstractDankContainer.java

Start Processing: com/tfar/dankstorage/container/AbstractDankContainer.java
FOUND CONSTR method com/tfar/dankstorage/container/AbstractDankContainer/AbstractDankContainer (Lnet/minecraft/world/World;Lnet/minecraft/util/math/BlockPos;Lnet/minecraft/entity/player/InventoryPlayer;Lnet/minecraft/entity/player/EntityPlayer;Lcom/tfar/dankstorage/inventory/DankHandler;I)V com/tfar/dankstorage/container/AbstractDankContainer
Rename method net/minecraft/world/IBlockAccess/getTileEntity (Lnet/minecraft/util/math/BlockPos;)Lnet/minecraft/tileentity/TileEntity;[706,719]::getTileEntity->func_175625_s
Rename method net/minecraft/inventory/Container/onContainerClosed (Lnet/minecraft/entity/player/EntityPlayer;)V[792,809]::onContainerClosed->func_75134_a
Rename method net/minecraft/inventory/Container/onContainerClosed (Lnet/minecraft/entity/player/EntityPlayer;)V[841,858]::onContainerClosed->func_75134_a
Import: com.tfar.dankstorage.inventory.DankHandler
Import: com.tfar.dankstorage.tile.AbstractDankStorageTile
Import: net.minecraft.entity.player.EntityPlayer
Import: net.minecraft.entity.player.InventoryPlayer
Import: net.minecraft.util.math.BlockPos
Import: net.minecraft.world.World
End  Processing: com/tfar/dankstorage/container/AbstractDankContainer.java

Start Processing: com/tfar/dankstorage/container/AbstractPortableDankContainer.java
FOUND CONSTR method com/tfar/dankstorage/container/AbstractPortableDankContainer/AbstractPortableDankContainer (Lnet/minecraft/entity/player/InventoryPlayer;Lnet/minecraft/entity/player/EntityPlayer;Lcom/tfar/dankstorage/inventory/PortableDankHandler;I)V com/tfar/dankstorage/container/AbstractPortableDankContainer
Rename method net/minecraft/entity/EntityLivingBase/getHeldItemMainhand ()Lnet/minecraft/item/ItemStack;[710,729]::getHeldItemMainhand->func_184614_ca
Rename field net/minecraft/entity/player/InventoryPlayer/currentItem[781,792]::currentItem->field_70461_c
Rename method net/minecraft/inventory/Container/addSlotToContainer (Lnet/minecraft/inventory/Slot;)Lnet/minecraft/inventory/Slot;[1334,1352]::addSlotToContainer->func_75146_a
Rename method net/minecraft/inventory/Slot/getItemStackLimit (Lnet/minecraft/item/ItemStack;)I[1443,1460]::getItemStackLimit->func_178170_b
Rename method net/minecraft/inventory/Slot/getSlotStackLimit ()I[1510,1527]::getSlotStackLimit->func_75219_a
Rename method net/minecraft/item/ItemStack/getMaxStackSize ()I[1532,1547]::getMaxStackSize->func_77976_d
Rename method net/minecraft/inventory/Container/addSlotToContainer (Lnet/minecraft/inventory/Slot;)Lnet/minecraft/inventory/Slot;[1729,1747]::addSlotToContainer->func_75146_a
Rename method net/minecraft/inventory/Slot/getItemStackLimit (Lnet/minecraft/item/ItemStack;)I[1820,1837]::getItemStackLimit->func_178170_b
Rename method net/minecraft/inventory/Slot/getSlotStackLimit ()I[1885,1902]::getSlotStackLimit->func_75219_a
Rename method net/minecraft/item/ItemStack/getMaxStackSize ()I[1907,1922]::getMaxStackSize->func_77976_d
Rename method net/minecraft/inventory/Container/addSlotToContainer (Lnet/minecraft/inventory/Slot;)Lnet/minecraft/inventory/Slot;[1972,1990]::addSlotToContainer->func_75146_a
Rename method net/minecraft/inventory/Slot/getItemStackLimit (Lnet/minecraft/item/ItemStack;)I[2069,2086]::getItemStackLimit->func_178170_b
Rename method net/minecraft/inventory/Slot/getSlotStackLimit ()I[2134,2151]::getSlotStackLimit->func_75219_a
Rename method net/minecraft/item/ItemStack/getMaxStackSize ()I[2156,2171]::getMaxStackSize->func_77976_d
Rename method net/minecraft/inventory/Container/detectAndSendChanges ()V[2237,2257]::detectAndSendChanges->func_75142_b
Rename method net/minecraft/inventory/Container/detectAndSendChanges ()V[2265,2285]::detectAndSendChanges->func_75142_b
Import: com.tfar.dankstorage.inventory.LockedSlot
Import: com.tfar.dankstorage.inventory.PortableDankHandler
Import: net.minecraft.entity.player.EntityPlayer
Import: net.minecraft.entity.player.InventoryPlayer
Import: net.minecraft.inventory.IInventory
Import: net.minecraft.inventory.Slot
Import: net.minecraft.item.ItemStack
End  Processing: com/tfar/dankstorage/container/AbstractPortableDankContainer.java

Start Processing: com/tfar/dankstorage/container/DankContainers.java
FOUND CONSTR method com/tfar/dankstorage/container/DankContainers/PortableDankContainer1/PortableDankContainer1 (Lnet/minecraft/entity/player/InventoryPlayer;Lnet/minecraft/entity/player/EntityPlayer;Lcom/tfar/dankstorage/inventory/PortableDankHandler;)V com/tfar/dankstorage/container/DankContainers/PortableDankContainer1
FOUND CONSTR method com/tfar/dankstorage/container/DankContainers/PortableDankContainer2/PortableDankContainer2 (Lnet/minecraft/entity/player/InventoryPlayer;Lnet/minecraft/entity/player/EntityPlayer;Lcom/tfar/dankstorage/inventory/PortableDankHandler;)V com/tfar/dankstorage/container/DankContainers/PortableDankContainer2
FOUND CONSTR method com/tfar/dankstorage/container/DankContainers/PortableDankContainer3/PortableDankContainer3 (Lnet/minecraft/entity/player/InventoryPlayer;Lnet/minecraft/entity/player/EntityPlayer;Lcom/tfar/dankstorage/inventory/PortableDankHandler;)V com/tfar/dankstorage/container/DankContainers/PortableDankContainer3
FOUND CONSTR method com/tfar/dankstorage/container/DankContainers/PortableDankContainer4/PortableDankContainer4 (Lnet/minecraft/entity/player/InventoryPlayer;Lnet/minecraft/entity/player/EntityPlayer;Lcom/tfar/dankstorage/inventory/PortableDankHandler;)V com/tfar/dankstorage/container/DankContainers/PortableDankContainer4
FOUND CONSTR method com/tfar/dankstorage/container/DankContainers/PortableDankContainer5/PortableDankContainer5 (Lnet/minecraft/entity/player/InventoryPlayer;Lnet/minecraft/entity/player/EntityPlayer;Lcom/tfar/dankstorage/inventory/PortableDankHandler;)V com/tfar/dankstorage/container/DankContainers/PortableDankContainer5
FOUND CONSTR method com/tfar/dankstorage/container/DankContainers/PortableDankContainer6/PortableDankContainer6 (Lnet/minecraft/entity/player/InventoryPlayer;Lnet/minecraft/entity/player/EntityPlayer;Lcom/tfar/dankstorage/inventory/PortableDankHandler;)V com/tfar/dankstorage/container/DankContainers/PortableDankContainer6
FOUND CONSTR method com/tfar/dankstorage/container/DankContainers/PortableDankContainer7/PortableDankContainer7 (Lnet/minecraft/entity/player/InventoryPlayer;Lnet/minecraft/entity/player/EntityPlayer;Lcom/tfar/dankstorage/inventory/PortableDankHandler;)V com/tfar/dankstorage/container/DankContainers/PortableDankContainer7
FOUND CONSTR method com/tfar/dankstorage/container/DankContainers/DankContainer1/DankContainer1 (Lnet/minecraft/world/World;Lnet/minecraft/util/math/BlockPos;Lnet/minecraft/entity/player/InventoryPlayer;Lnet/minecraft/entity/player/EntityPlayer;Lcom/tfar/dankstorage/inventory/DankHandler;)V com/tfar/dankstorage/container/DankContainers/DankContainer1
FOUND CONSTR method com/tfar/dankstorage/container/DankContainers/DankContainer2/DankContainer2 (Lnet/minecraft/world/World;Lnet/minecraft/util/math/BlockPos;Lnet/minecraft/entity/player/InventoryPlayer;Lnet/minecraft/entity/player/EntityPlayer;Lcom/tfar/dankstorage/inventory/DankHandler;)V com/tfar/dankstorage/container/DankContainers/DankContainer2
FOUND CONSTR method com/tfar/dankstorage/container/DankContainers/DankContainer3/DankContainer3 (Lnet/minecraft/world/World;Lnet/minecraft/util/math/BlockPos;Lnet/minecraft/entity/player/InventoryPlayer;Lnet/minecraft/entity/player/EntityPlayer;Lcom/tfar/dankstorage/inventory/DankHandler;)V com/tfar/dankstorage/container/DankContainers/DankContainer3
FOUND CONSTR method com/tfar/dankstorage/container/DankContainers/DankContainer4/DankContainer4 (Lnet/minecraft/world/World;Lnet/minecraft/util/math/BlockPos;Lnet/minecraft/entity/player/InventoryPlayer;Lnet/minecraft/entity/player/EntityPlayer;Lcom/tfar/dankstorage/inventory/DankHandler;)V com/tfar/dankstorage/container/DankContainers/DankContainer4
FOUND CONSTR method com/tfar/dankstorage/container/DankContainers/DankContainer5/DankContainer5 (Lnet/minecraft/world/World;Lnet/minecraft/util/math/BlockPos;Lnet/minecraft/entity/player/InventoryPlayer;Lnet/minecraft/entity/player/EntityPlayer;Lcom/tfar/dankstorage/inventory/DankHandler;)V com/tfar/dankstorage/container/DankContainers/DankContainer5
FOUND CONSTR method com/tfar/dankstorage/container/DankContainers/DankContainer6/DankContainer6 (Lnet/minecraft/world/World;Lnet/minecraft/util/math/BlockPos;Lnet/minecraft/entity/player/InventoryPlayer;Lnet/minecraft/entity/player/EntityPlayer;Lcom/tfar/dankstorage/inventory/DankHandler;)V com/tfar/dankstorage/container/DankContainers/DankContainer6
FOUND CONSTR method com/tfar/dankstorage/container/DankContainers/DankContainer7/DankContainer7 (Lnet/minecraft/world/World;Lnet/minecraft/util/math/BlockPos;Lnet/minecraft/entity/player/InventoryPlayer;Lnet/minecraft/entity/player/EntityPlayer;Lcom/tfar/dankstorage/inventory/DankHandler;)V com/tfar/dankstorage/container/DankContainers/DankContainer7
Import: com.tfar.dankstorage.inventory.DankHandler
Import: com.tfar.dankstorage.inventory.PortableDankHandler
Import: net.minecraft.entity.player.EntityPlayer
Import: net.minecraft.entity.player.InventoryPlayer
Import: net.minecraft.util.math.BlockPos
Import: net.minecraft.world.World
End  Processing: com/tfar/dankstorage/container/DankContainers.java

Start Processing: com/tfar/dankstorage/event/DankEventHandler.java
New Key: class net/minecraftforge/fml/common/Mod
Rename field net/minecraft/entity/player/EntityPlayer/openContainer[819,832]::openContainer->field_71070_bA
Rename field net/minecraft/entity/player/EntityPlayer/inventory[940,949]::inventory->field_71071_by
Rename method net/minecraft/inventory/IInventory/getSizeInventory ()I[991,1007]::getSizeInventory->func_70302_i_
Rename method net/minecraft/inventory/IInventory/getStackInSlot (I)Lnet/minecraft/item/ItemStack;[1050,1064]::getStackInSlot->func_70301_a
Rename method net/minecraft/item/ItemStack/getItem ()Lnet/minecraft/item/Item;[1084,1091]::getItem->func_77973_b
Import: com.tfar.dankstorage.DankStorage
Import: com.tfar.dankstorage.block.DankItemBlock
Import: com.tfar.dankstorage.block.DankBlock
Import: com.tfar.dankstorage.container.AbstractPortableDankContainer
Import: net.minecraft.entity.player.EntityPlayer
Import: net.minecraft.entity.player.InventoryPlayer
Import: net.minecraft.item.ItemStack
Import: net.minecraftforge.event.entity.player.EntityItemPickupEvent
Import: net.minecraftforge.fml.common.eventhandler.SubscribeEvent
Import: net.minecraftforge.fml.common.Mod
End  Processing: com/tfar/dankstorage/event/DankEventHandler.java

Start Processing: com/tfar/dankstorage/inventory/DankHandler.java
FOUND CONSTR method com/tfar/dankstorage/inventory/DankHandler/DankHandler (II)V com/tfar/dankstorage/inventory/DankHandler
Rename method net/minecraft/item/ItemStack/isEmpty ()Z[784,791]::isEmpty->func_190926_b
Rename field net/minecraft/item/ItemStack/EMPTY[1214,1219]::EMPTY->field_190927_a
Rename method net/minecraft/item/ItemStack/isEmpty ()Z[1333,1340]::isEmpty->func_190926_b
Rename field net/minecraft/item/ItemStack/EMPTY[1374,1379]::EMPTY->field_190927_a
Rename method net/minecraft/item/ItemStack/getMaxStackSize ()I[1463,1478]::getMaxStackSize->func_77976_d
Rename method net/minecraft/item/ItemStack/getCount ()I[1518,1526]::getCount->func_190916_E
Rename field net/minecraft/item/ItemStack/EMPTY[1615,1620]::EMPTY->field_190927_a
Rename method net/minecraft/item/ItemStack/getCount ()I[1823,1831]::getCount->func_190916_E
Rename method net/minecraft/item/ItemStack/isEmpty ()Z[2235,2242]::isEmpty->func_190926_b
Rename method net/minecraft/item/ItemStack/getCount ()I[2314,2322]::getCount->func_190916_E
Rename method net/minecraft/nbt/NBTTagCompound/setInteger (Ljava/lang/String;I)V[2405,2415]::setInteger->func_74768_a
Rename method net/minecraft/item/ItemStack/writeToNBT (Lnet/minecraft/nbt/NBTTagCompound;)Lnet/minecraft/nbt/NBTTagCompound;[2453,2463]::writeToNBT->func_77955_b
Rename method net/minecraft/nbt/NBTTagCompound/setInteger (Ljava/lang/String;I)V[2493,2503]::setInteger->func_74768_a
Rename method net/minecraft/nbt/NBTTagList/appendTag (Lnet/minecraft/nbt/NBTBase;)V[2555,2564]::appendTag->func_74742_a
Rename method net/minecraft/nbt/NBTTagCompound/setTag (Ljava/lang/String;Lnet/minecraft/nbt/NBTBase;)V[2651,2657]::setTag->func_74782_a
Rename method net/minecraft/nbt/NBTTagCompound/setInteger (Ljava/lang/String;I)V[2695,2705]::setInteger->func_74768_a
Rename method net/minecraft/nbt/NBTTagCompound/hasKey (Ljava/lang/String;I)Z[2838,2844]::hasKey->func_150297_b
New Key: class net/minecraftforge/common/util/Constants
Rename method net/minecraft/nbt/NBTTagCompound/getInteger (Ljava/lang/String;)I[2889,2899]::getInteger->func_74762_e
Rename method net/minecraft/nbt/NBTTagCompound/getTagList (Ljava/lang/String;I)Lnet/minecraft/nbt/NBTTagList;[2958,2968]::getTagList->func_150295_c
New Key: class net/minecraftforge/common/util/Constants
Rename method net/minecraft/nbt/NBTTagList/tagCount ()I[3043,3051]::tagCount->func_74745_c
Rename method net/minecraft/nbt/NBTTagList/getCompoundTagAt (I)Lnet/minecraft/nbt/NBTTagCompound;[3107,3123]::getCompoundTagAt->func_150305_b
Rename method net/minecraft/nbt/NBTTagCompound/getInteger (Ljava/lang/String;)I[3152,3162]::getInteger->func_74762_e
Rename method net/minecraft/nbt/NBTTagCompound/hasKey (Ljava/lang/String;I)Z[3246,3252]::hasKey->func_150297_b
New Key: class net/minecraftforge/common/util/Constants
Rename field net/minecraft/item/ItemStack/EMPTY[3384,3389]::EMPTY->field_190927_a
Rename method net/minecraft/nbt/NBTTagCompound/getTagList (Ljava/lang/String;I)Lnet/minecraft/nbt/NBTTagList;[3446,3456]::getTagList->func_150295_c
New Key: class net/minecraftforge/common/util/Constants
Rename method net/minecraft/nbt/NBTTagList/tagCount ()I[3546,3554]::tagCount->func_74745_c
Rename method net/minecraft/nbt/NBTTagList/getCompoundTagAt (I)Lnet/minecraft/nbt/NBTTagCompound;[3620,3636]::getCompoundTagAt->func_150305_b
Rename method net/minecraft/item/ItemStack/isEmpty ()Z[3715,3722]::isEmpty->func_190926_b
Rename method net/minecraft/item/ItemStack/isEmpty ()Z[3759,3766]::isEmpty->func_190926_b
Rename method net/minecraft/item/ItemStack/grow (I)V[3816,3820]::grow->func_190917_f
Rename method net/minecraft/item/ItemStack/getCount ()I[3835,3843]::getCount->func_190916_E
Rename method net/minecraft/item/ItemStack/isEmpty ()Z[3903,3910]::isEmpty->func_190926_b
Rename method net/minecraft/item/ItemStack/getCount ()I[3953,3961]::getCount->func_190916_E
Rename method net/minecraft/item/ItemStack/setCount (I)V[4055,4063]::setCount->func_190920_e
Rename method net/minecraft/nbt/NBTTagCompound/hasKey (Ljava/lang/String;I)Z[4226,4232]::hasKey->func_150297_b
New Key: class net/minecraftforge/common/util/Constants
Rename method net/minecraft/item/ItemStack/setCount (I)V[4302,4310]::setCount->func_190920_e
Rename method net/minecraft/nbt/NBTTagCompound/getInteger (Ljava/lang/String;)I[4325,4335]::getInteger->func_74762_e
Rename method net/minecraft/item/ItemStack/isEmpty ()Z[4661,4668]::isEmpty->func_190926_b
Rename method net/minecraft/item/ItemStack/getCount ()I[4708,4716]::getCount->func_190916_E
Rename method net/minecraft/util/math/MathHelper/floor (F)I[4857,4862]::floor->func_76141_d
Import: net.minecraft.item.ItemStack
Import: net.minecraft.nbt.NBTTagCompound
Import: net.minecraft.nbt.NBTTagList
Import: net.minecraft.util.NonNullList
Import: net.minecraft.util.math.MathHelper
Import: net.minecraftforge.common.util.Constants
Import: net.minecraftforge.items.ItemHandlerHelper
Import: net.minecraftforge.items.ItemStackHandler
Import: javax.annotation.Nonnull
Import: java.util.stream.IntStream
End  Processing: com/tfar/dankstorage/inventory/DankHandler.java

Start Processing: com/tfar/dankstorage/inventory/DankSlot.java
FOUND CONSTR method com/tfar/dankstorage/inventory/DankSlot/DankSlot (Lcom/tfar/dankstorage/inventory/DankHandler;III)V com/tfar/dankstorage/inventory/DankSlot
Rename method net/minecraft/inventory/Slot/isItemValid (Lnet/minecraft/item/ItemStack;)Z[735,746]::isItemValid->func_75214_a
Rename method net/minecraft/item/ItemStack/isEmpty ()Z[791,798]::isEmpty->func_190926_b
Rename field net/minecraft/item/ItemStack/EMPTY[950,955]::EMPTY->field_190927_a
Rename method net/minecraft/item/ItemStack/isEmpty ()Z[1130,1137]::isEmpty->func_190926_b
Rename method net/minecraft/item/ItemStack/getCount ()I[1159,1167]::getCount->func_190916_E
Rename method net/minecraft/item/ItemStack/getCount ()I[1183,1191]::getCount->func_190916_E
Rename method net/minecraft/inventory/Slot/getStack ()Lnet/minecraft/item/ItemStack;[1252,1260]::getStack->func_75211_c
Rename method net/minecraft/inventory/Slot/putStack (Lnet/minecraft/item/ItemStack;)V[1361,1369]::putStack->func_75215_d
Rename method net/minecraft/inventory/Slot/onSlotChanged ()V[1469,1482]::onSlotChanged->func_75218_e
Rename method net/minecraft/inventory/Slot/onSlotChange (Lnet/minecraft/item/ItemStack;Lnet/minecraft/item/ItemStack;)V[1520,1532]::onSlotChange->func_75220_a
Rename method net/minecraft/inventory/Slot/getSlotStackLimit ()I[1679,1696]::getSlotStackLimit->func_75219_a
Rename method net/minecraft/inventory/Slot/getItemStackLimit (Lnet/minecraft/item/ItemStack;)I[1785,1802]::getItemStackLimit->func_178170_b
Rename method net/minecraft/inventory/Slot/canTakeStack (Lnet/minecraft/entity/player/EntityPlayer;)Z[1928,1940]::canTakeStack->func_82869_a
Rename method net/minecraft/item/ItemStack/isEmpty ()Z[2029,2036]::isEmpty->func_190926_b
Rename method net/minecraft/inventory/Slot/decrStackSize (I)Lnet/minecraft/item/ItemStack;[2098,2111]::decrStackSize->func_75209_a
Import: net.minecraft.entity.player.EntityPlayer
Import: net.minecraft.inventory.IInventory
Import: net.minecraft.inventory.InventoryBasic
Import: net.minecraft.inventory.Slot
Import: net.minecraft.item.ItemStack
Import: javax.annotation.Nonnull
End  Processing: com/tfar/dankstorage/inventory/DankSlot.java

Start Processing: com/tfar/dankstorage/inventory/LockedSlot.java
FOUND CONSTR method com/tfar/dankstorage/inventory/LockedSlot/LockedSlot (Lnet/minecraft/inventory/IInventory;III)V com/tfar/dankstorage/inventory/LockedSlot
Rename method net/minecraft/inventory/Slot/canTakeStack (Lnet/minecraft/entity/player/EntityPlayer;)Z[408,420]::canTakeStack->func_82869_a
Import: net.minecraft.entity.player.EntityPlayer
Import: net.minecraft.inventory.IInventory
Import: net.minecraft.inventory.Slot
End  Processing: com/tfar/dankstorage/inventory/LockedSlot.java

Start Processing: com/tfar/dankstorage/inventory/PortableDankHandler.java
FOUND CONSTR method com/tfar/dankstorage/inventory/PortableDankHandler/PortableDankHandler (Lnet/minecraft/item/ItemStack;)V com/tfar/dankstorage/inventory/PortableDankHandler
FOUND CONSTR method com/tfar/dankstorage/inventory/PortableDankHandler/PortableDankHandler (IILnet/minecraft/item/ItemStack;)V com/tfar/dankstorage/inventory/PortableDankHandler
Rename method net/minecraft/item/ItemStack/isEmpty ()Z[609,616]::isEmpty->func_190926_b
Rename method net/minecraft/item/ItemStack/hasTagCompound ()Z[643,657]::hasTagCompound->func_77942_o
Rename method net/minecraft/item/ItemStack/getTagCompound ()Lnet/minecraft/nbt/NBTTagCompound;[674,688]::getTagCompound->func_77978_p
Rename method net/minecraft/nbt/NBTTagCompound/removeTag (Ljava/lang/String;)V[689,698]::removeTag->func_82580_o
Rename method net/minecraft/item/ItemStack/getTagCompound ()Lnet/minecraft/nbt/NBTTagCompound;[729,743]::getTagCompound->func_77978_p
Rename method net/minecraft/nbt/NBTBase/isEmpty ()Z[744,751]::isEmpty->func_82582_d
Rename method net/minecraft/item/ItemStack/setTagCompound (Lnet/minecraft/nbt/NBTTagCompound;)V[777,791]::setTagCompound->func_77982_d
Rename method net/minecraft/item/ItemStack/setTagCompound (Lnet/minecraft/nbt/NBTTagCompound;)V[1043,1057]::setTagCompound->func_77982_d
Rename method net/minecraft/item/ItemStack/getTagCompound ()Lnet/minecraft/nbt/NBTTagCompound;[1084,1098]::getTagCompound->func_77978_p
Rename method net/minecraft/nbt/NBTTagCompound/setBoolean (Ljava/lang/String;Z)V[1099,1109]::setBoolean->func_74757_a
Rename method net/minecraft/item/ItemStack/getTagCompound ()Lnet/minecraft/nbt/NBTTagCompound;[1141,1155]::getTagCompound->func_77978_p
Rename method net/minecraft/nbt/NBTTagCompound/setBoolean (Ljava/lang/String;Z)V[1156,1166]::setBoolean->func_74757_a
Rename method net/minecraft/item/ItemStack/getTagCompound ()Lnet/minecraft/nbt/NBTTagCompound;[1196,1210]::getTagCompound->func_77978_p
Rename method net/minecraft/nbt/NBTTagCompound/setBoolean (Ljava/lang/String;Z)V[1211,1221]::setBoolean->func_74757_a
Rename method net/minecraft/item/ItemStack/getTagCompound ()Lnet/minecraft/nbt/NBTTagCompound;[1265,1279]::getTagCompound->func_77978_p
Rename method net/minecraft/nbt/NBTTagCompound/setInteger (Ljava/lang/String;I)V[1280,1290]::setInteger->func_74768_a
Rename method net/minecraft/item/ItemStack/hasTagCompound ()Z[1539,1553]::hasTagCompound->func_77942_o
Rename method net/minecraft/item/ItemStack/getTagCompound ()Lnet/minecraft/nbt/NBTTagCompound;[1583,1597]::getTagCompound->func_77978_p
Import: com.tfar.dankstorage.util.Utils
Import: net.minecraft.item.ItemStack
Import: javax.annotation.Nonnull
End  Processing: com/tfar/dankstorage/inventory/PortableDankHandler.java

Start Processing: com/tfar/dankstorage/network/CMessageChangeSlot.java
FOUND CONSTR method com/tfar/dankstorage/network/CMessageChangeSlot/CMessageChangeSlot ()V com/tfar/dankstorage/network/CMessageChangeSlot
FOUND CONSTR method com/tfar/dankstorage/network/CMessageChangeSlot/CMessageChangeSlot (Z)V com/tfar/dankstorage/network/CMessageChangeSlot
Rename method net/minecraft/util/IThreadListener/addScheduledTask (Ljava/lang/Runnable;)Lcom/google/common/util/concurrent/ListenableFuture;[1350,1366]::addScheduledTask->func_152344_a
Rename field net/minecraft/network/NetHandlerPlayServer/player[1551,1557]::player->field_147369_b
Rename method net/minecraft/entity/EntityLivingBase/getHeldItemMainhand ()Lnet/minecraft/item/ItemStack;[1632,1651]::getHeldItemMainhand->func_184614_ca
Rename method net/minecraft/item/ItemStack/getItem ()Lnet/minecraft/item/Item;[1665,1672]::getItem->func_77973_b
Rename method net/minecraft/entity/EntityLivingBase/getHeldItemMainhand ()Lnet/minecraft/item/ItemStack;[1766,1785]::getHeldItemMainhand->func_184614_ca
Import: com.tfar.dankstorage.block.DankItemBlock
Import: com.tfar.dankstorage.util.Utils
Import: io.netty.buffer.ByteBuf
Import: net.minecraft.entity.player.EntityPlayer
Import: net.minecraft.item.ItemStack
Import: net.minecraftforge.fml.common.FMLCommonHandler
Import: net.minecraftforge.fml.common.network.simpleimpl.IMessage
Import: net.minecraftforge.fml.common.network.simpleimpl.IMessageHandler
Import: net.minecraftforge.fml.common.network.simpleimpl.MessageContext
End  Processing: com/tfar/dankstorage/network/CMessageChangeSlot.java

Start Processing: com/tfar/dankstorage/network/CMessagePickBlock.java
FOUND CONSTR method com/tfar/dankstorage/network/CMessagePickBlock/CMessagePickBlock ()V com/tfar/dankstorage/network/CMessagePickBlock
Rename method net/minecraft/util/IThreadListener/addScheduledTask (Ljava/lang/Runnable;)Lcom/google/common/util/concurrent/ListenableFuture;[1597,1613]::addScheduledTask->func_152344_a
Rename field net/minecraft/network/NetHandlerPlayServer/player[1761,1767]::player->field_147369_b
Rename method net/minecraft/entity/EntityLivingBase/getHeldItemMainhand ()Lnet/minecraft/item/ItemStack;[1807,1826]::getHeldItemMainhand->func_184614_ca
Rename method net/minecraft/item/ItemStack/getItem ()Lnet/minecraft/item/Item;[1840,1847]::getItem->func_77973_b
Rename method net/minecraft/client/Minecraft/getMinecraft ()Lnet/minecraft/client/Minecraft;[1998,2010]::getMinecraft->func_71410_x
Rename field net/minecraft/client/Minecraft/objectMouseOver[2013,2028]::objectMouseOver->field_71476_x
Rename field net/minecraft/entity/Entity/world[2043,2048]::world->field_70170_p
Rename method net/minecraft/item/ItemStack/isEmpty ()Z[2107,2114]::isEmpty->func_190926_b
Rename method net/minecraft/item/ItemStack/getItem ()Lnet/minecraft/item/Item;[2209,2216]::getItem->func_77973_b
Rename method net/minecraft/item/ItemStack/getItem ()Lnet/minecraft/item/Item;[2253,2260]::getItem->func_77973_b
Rename field net/minecraft/item/ItemStack/EMPTY[2572,2577]::EMPTY->field_190927_a
Rename field net/minecraft/util/math/RayTraceResult/typeOfHit[2674,2683]::typeOfHit->field_72313_a
New Key: class net/minecraft/util/math/RayTraceResult
Rename method net/minecraft/util/math/RayTraceResult/getBlockPos ()Lnet/minecraft/util/math/BlockPos;[2751,2762]::getBlockPos->func_178782_a
Rename method net/minecraft/world/IBlockAccess/getBlockState (Lnet/minecraft/util/math/BlockPos;)Lnet/minecraft/block/state/IBlockState;[2803,2816]::getBlockState->func_180495_p
Rename method net/minecraft/block/state/IBlockState/getBlock ()Lnet/minecraft/block/Block;[2844,2852]::getBlock->func_177230_c
Rename field net/minecraft/item/ItemStack/EMPTY[2914,2919]::EMPTY->field_190927_a
Rename method net/minecraft/block/state/IBlockState/getBlock ()Lnet/minecraft/block/Block;[3039,3047]::getBlock->func_177230_c
Rename method net/minecraft/item/ItemStack/isEmpty ()Z[3126,3133]::isEmpty->func_190926_b
Rename method net/minecraft/block/state/IBlockState/getBlock ()Lnet/minecraft/block/Block;[3238,3246]::getBlock->func_177230_c
Import: com.tfar.dankstorage.DankStorage
Import: com.tfar.dankstorage.block.DankItemBlock
Import: com.tfar.dankstorage.inventory.PortableDankHandler
Import: com.tfar.dankstorage.util.Utils
Import: io.netty.buffer.ByteBuf
Import: net.minecraft.block.state.IBlockState
Import: net.minecraft.client.Minecraft
Import: net.minecraft.entity.player.EntityPlayer
Import: net.minecraft.item.ItemStack
Import: net.minecraft.util.math.BlockPos
Import: net.minecraft.util.math.RayTraceResult
Import: net.minecraft.world.World
Import: net.minecraftforge.fml.common.FMLCommonHandler
Import: net.minecraftforge.fml.common.network.simpleimpl.IMessage
Import: net.minecraftforge.fml.common.network.simpleimpl.IMessageHandler
Import: net.minecraftforge.fml.common.network.simpleimpl.MessageContext
Import: org.apache.logging.log4j.LogManager
Import: org.apache.logging.log4j.Logger
End  Processing: com/tfar/dankstorage/network/CMessagePickBlock.java

Start Processing: com/tfar/dankstorage/network/CMessageToggle.java
FOUND CONSTR method com/tfar/dankstorage/network/CMessageToggle/CMessageToggle ()V com/tfar/dankstorage/network/CMessageToggle
FOUND CONSTR method com/tfar/dankstorage/network/CMessageToggle/CMessageToggle (Lcom/tfar/dankstorage/network/CMessageToggle$KeybindToggleType;)V com/tfar/dankstorage/network/CMessageToggle
Rename method net/minecraft/util/IThreadListener/addScheduledTask (Ljava/lang/Runnable;)Lcom/google/common/util/concurrent/ListenableFuture;[1481,1497]::addScheduledTask->func_152344_a
Rename field net/minecraft/network/NetHandlerPlayServer/player[1671,1677]::player->field_147369_b
Rename method net/minecraft/entity/EntityLivingBase/getHeldItemMainhand ()Lnet/minecraft/item/ItemStack;[1717,1736]::getHeldItemMainhand->func_184614_ca
Rename method net/minecraft/item/ItemStack/getItem ()Lnet/minecraft/item/Item;[1752,1759]::getItem->func_77973_b
Rename method net/minecraft/entity/EntityLivingBase/getHeldItemOffhand ()Lnet/minecraft/item/ItemStack;[1817,1835]::getHeldItemOffhand->func_184592_cb
Rename method net/minecraft/item/ItemStack/getItem ()Lnet/minecraft/item/Item;[1854,1861]::getItem->func_77973_b
FOUND CONSTR method com/tfar/dankstorage/network/CMessageToggle/KeybindToggleType/KeybindToggleType ()V com/tfar/dankstorage/network/CMessageToggle/KeybindToggleType
Import: com.tfar.dankstorage.block.DankItemBlock
Import: com.tfar.dankstorage.util.Utils
Import: io.netty.buffer.ByteBuf
Import: net.minecraft.entity.player.EntityPlayer
Import: net.minecraft.item.ItemStack
Import: net.minecraft.util.text.TextComponentTranslation
Import: net.minecraftforge.fml.common.FMLCommonHandler
Import: net.minecraftforge.fml.common.network.simpleimpl.IMessage
Import: net.minecraftforge.fml.common.network.simpleimpl.IMessageHandler
Import: net.minecraftforge.fml.common.network.simpleimpl.MessageContext
End  Processing: com/tfar/dankstorage/network/CMessageToggle.java

Start Processing: com/tfar/dankstorage/network/DankPacketHandler.java
New Key: class com/tfar/dankstorage/network/CMessageChangeSlot
New Key: class com/tfar/dankstorage/network/CMessagePickBlock
New Key: class com/tfar/dankstorage/network/CMessageToggle
Import: net.minecraftforge.fml.common.network.NetworkRegistry
Import: net.minecraftforge.fml.common.network.simpleimpl.SimpleNetworkWrapper
Import: net.minecraftforge.fml.relauncher.Side
End  Processing: com/tfar/dankstorage/network/DankPacketHandler.java

Start Processing: com/tfar/dankstorage/recipe/DankUpgradeRecipeFactory.java
New Key: class net/minecraftforge/common/crafting/CraftingHelper
New Key: class net/minecraftforge/common/crafting/CraftingHelper
Rename method net/minecraft/util/JsonUtils/getBoolean (Lcom/google/gson/JsonObject;Ljava/lang/String;Z)Z[1161,1171]::getBoolean->func_151209_a
Rename method net/minecraft/item/crafting/IRecipe/getIngredients ()Lnet/minecraft/util/NonNullList;[1227,1241]::getIngredients->func_192400_c
Rename method net/minecraft/item/crafting/IRecipe/getRecipeOutput ()Lnet/minecraft/item/ItemStack;[1332,1347]::getRecipeOutput->func_77571_b
FOUND CONSTR method com/tfar/dankstorage/recipe/DankUpgradeRecipeFactory/DankRecipe/DankRecipe (Lnet/minecraft/util/ResourceLocation;Lnet/minecraft/item/ItemStack;Lnet/minecraftforge/common/crafting/CraftingHelper$ShapedPrimer;)V com/tfar/dankstorage/recipe/DankUpgradeRecipeFactory/DankRecipe
New Key: class net/minecraftforge/common/crafting/CraftingHelper
Rename method net/minecraft/item/crafting/IRecipe/getCraftingResult (Lnet/minecraft/inventory/InventoryCrafting;)Lnet/minecraft/item/ItemStack;[1624,1641]::getCraftingResult->func_77572_b
Rename method net/minecraft/item/crafting/IRecipe/getCraftingResult (Lnet/minecraft/inventory/InventoryCrafting;)Lnet/minecraft/item/ItemStack;[1702,1719]::getCraftingResult->func_77572_b
Rename method net/minecraft/item/ItemStack/copy ()Lnet/minecraft/item/ItemStack;[1720,1724]::copy->func_77946_l
Rename method net/minecraft/inventory/IInventory/getStackInSlot (I)Lnet/minecraft/item/ItemStack;[1766,1780]::getStackInSlot->func_70301_a
Rename method net/minecraft/item/ItemStack/setTagCompound (Lnet/minecraft/nbt/NBTTagCompound;)V[2116,2130]::setTagCompound->func_77982_d
Import: com.google.gson.JsonObject
Import: com.tfar.dankstorage.DankStorage
Import: com.tfar.dankstorage.inventory.PortableDankHandler
Import: com.tfar.dankstorage.util.Utils
Import: net.minecraft.inventory.InventoryCrafting
Import: net.minecraft.item.ItemStack
Import: net.minecraft.item.crafting.IRecipe
Import: net.minecraft.nbt.NBTTagCompound
Import: net.minecraft.util.JsonUtils
Import: net.minecraft.util.ResourceLocation
Import: net.minecraftforge.common.crafting.CraftingHelper
Import: net.minecraftforge.common.crafting.IRecipeFactory
Import: net.minecraftforge.common.crafting.JsonContext
Import: net.minecraftforge.oredict.ShapedOreRecipe
Import: javax.annotation.Nonnull
End  Processing: com/tfar/dankstorage/recipe/DankUpgradeRecipeFactory.java

Start Processing: com/tfar/dankstorage/screen/AbstractAbstractDankStorageScreen.java
Rename field net/minecraft/item/ItemStack/EMPTY[1595,1600]::EMPTY->field_190927_a
Rename field net/minecraft/item/ItemStack/EMPTY[1828,1833]::EMPTY->field_190927_a
Rename field net/minecraft/item/ItemStack/EMPTY[2236,2241]::EMPTY->field_190927_a
FOUND CONSTR method com/tfar/dankstorage/screen/AbstractAbstractDankStorageScreen/AbstractAbstractDankStorageScreen (Lcom/tfar/dankstorage/container/AbstractAbstractDankContainer;Lnet/minecraft/entity/player/InventoryPlayer;Lnet/minecraft/util/ResourceLocation;I)V com/tfar/dankstorage/screen/AbstractAbstractDankStorageScreen
Rename field net/minecraft/client/gui/inventory/GuiContainer/ySize[2540,2545]::ySize->field_147000_g
Rename method net/minecraft/client/gui/inventory/GuiContainer/drawGuiContainerForegroundLayer (II)V[2647,2678]::drawGuiContainerForegroundLayer->func_146979_b
Rename field net/minecraft/client/gui/GuiScreen/fontRenderer[2697,2709]::fontRenderer->field_146289_q
Rename method net/minecraft/client/gui/FontRenderer/drawString (Ljava/lang/String;III)I[2712,2722]::drawString->func_78276_b
Rename method net/minecraft/world/IWorldNameable/getDisplayName ()Lnet/minecraft/util/text/ITextComponent;[2746,2760]::getDisplayName->func_145748_c_
Rename method net/minecraft/util/text/ITextComponent/getUnformattedComponentText ()Ljava/lang/String;[2763,2790]::getUnformattedComponentText->func_150261_e
Rename field net/minecraft/client/gui/inventory/GuiContainer/ySize[2788,2793]::ySize->field_147000_g
Rename method net/minecraft/client/gui/inventory/GuiContainer/drawGuiContainerBackgroundLayer (FII)V[2859,2890]::drawGuiContainerBackgroundLayer->func_146976_a
Rename field net/minecraft/client/gui/GuiScreen/mc[2924,2926]::mc->field_146297_k
Rename method net/minecraft/client/Minecraft/getTextureManager ()Lnet/minecraft/client/renderer/texture/TextureManager;[2939,2956]::getTextureManager->func_110434_K
Rename method net/minecraft/client/renderer/texture/TextureManager/bindTexture (Lnet/minecraft/util/ResourceLocation;)V[2955,2966]::bindTexture->func_110577_a
Rename field net/minecraft/client/gui/inventory/GuiContainer/inventorySlots[3000,3014]::inventorySlots->field_147002_h
New Key: class com/tfar/dankstorage/container/DankContainers
Rename field net/minecraft/client/gui/inventory/GuiContainer/inventorySlots[3064,3078]::inventorySlots->field_147002_h
New Key: class com/tfar/dankstorage/container/DankContainers
Rename method net/minecraft/client/gui/Gui/drawTexturedModalRect (IIIIII)V[3137,3158]::drawTexturedModalRect->func_73729_b
Rename field net/minecraft/client/gui/inventory/GuiContainer/guiLeft[3150,3157]::guiLeft->field_147003_i
Rename field net/minecraft/client/gui/inventory/GuiContainer/guiTop[3166,3172]::guiTop->field_147009_r
Rename field net/minecraft/client/gui/inventory/GuiContainer/xSize[3188,3193]::xSize->field_146999_f
Rename field net/minecraft/client/gui/inventory/GuiContainer/ySize[3204,3209]::ySize->field_147000_g
Rename method net/minecraft/client/gui/Gui/drawModalRectWithCustomSizedTexture (IIFFIIFF)V[3238,3273]::drawModalRectWithCustomSizedTexture->func_146110_a
Rename field net/minecraft/client/gui/inventory/GuiContainer/guiLeft[3252,3259]::guiLeft->field_147003_i
Rename field net/minecraft/client/gui/inventory/GuiContainer/guiTop[3268,3274]::guiTop->field_147009_r
Rename field net/minecraft/client/gui/inventory/GuiContainer/xSize[3294,3299]::xSize->field_146999_f
Rename field net/minecraft/client/gui/inventory/GuiContainer/ySize[3310,3315]::ySize->field_147000_g
Rename method net/minecraft/client/gui/GuiScreen/drawScreen (IIF)V[3370,3380]::drawScreen->func_73863_a
Rename method net/minecraft/client/gui/GuiScreen/drawDefaultBackground ()V[3439,3460]::drawDefaultBackground->func_146276_q_
Rename field net/minecraft/client/gui/inventory/GuiContainer/guiLeft[3475,3482]::guiLeft->field_147003_i
Rename field net/minecraft/client/gui/inventory/GuiContainer/guiTop[3509,3515]::guiTop->field_147009_r
Rename method net/minecraft/client/gui/inventory/GuiContainer/drawGuiContainerBackgroundLayer (FII)V[3535,3566]::drawGuiContainerBackgroundLayer->func_146976_a
Rename method net/minecraft/client/renderer/GlStateManager/disableRescaleNormal ()V[3600,3620]::disableRescaleNormal->func_179101_C
Rename method net/minecraft/client/renderer/RenderHelper/disableStandardItemLighting ()V[3635,3662]::disableStandardItemLighting->func_74518_a
Rename method net/minecraft/client/renderer/GlStateManager/disableLighting ()V[3671,3686]::disableLighting->func_179140_f
Rename method net/minecraft/client/renderer/GlStateManager/disableDepth ()V[3708,3720]::disableDepth->func_179097_i
Rename field net/minecraft/client/gui/GuiScreen/buttonList[3757,3767]::buttonList->field_146292_n
Rename field net/minecraft/client/gui/GuiScreen/buttonList[3799,3809]::buttonList->field_146292_n
Rename method net/minecraft/client/gui/GuiButton/drawButton (Lnet/minecraft/client/Minecraft;IIF)V[3821,3831]::drawButton->func_191745_a
Rename field net/minecraft/client/gui/GuiScreen/mc[3840,3842]::mc->field_146297_k
Rename field net/minecraft/client/gui/GuiScreen/labelList[3924,3933]::labelList->field_146293_o
Rename field net/minecraft/client/gui/GuiScreen/labelList[3966,3975]::labelList->field_146293_o
Rename method net/minecraft/client/gui/GuiLabel/drawLabel (Lnet/minecraft/client/Minecraft;II)V[3988,3997]::drawLabel->func_146159_a
Rename field net/minecraft/client/gui/GuiScreen/mc[4007,4009]::mc->field_146297_k
Rename method net/minecraft/client/renderer/RenderHelper/enableGUIStandardItemLighting ()V[4067,4096]::enableGUIStandardItemLighting->func_74520_c
Rename method net/minecraft/client/renderer/GlStateManager/pushMatrix ()V[4103,4113]::pushMatrix->func_179094_E
Rename method net/minecraft/client/renderer/GlStateManager/translate (FFF)V[4140,4149]::translate->func_179109_b
Rename method net/minecraft/client/renderer/GlStateManager/color (FFFF)V[4201,4206]::color->func_179131_c
Rename method net/minecraft/client/renderer/GlStateManager/enableRescaleNormal ()V[4260,4279]::enableRescaleNormal->func_179091_B
Rename method net/minecraft/client/renderer/OpenGlHelper/setLightmapTextureCoords (IFF)V[4361,4385]::setLightmapTextureCoords->func_77475_a
Rename field net/minecraft/client/renderer/OpenGlHelper/lightmapTexUnit[4387,4402]::lightmapTexUnit->field_77476_b
Rename method net/minecraft/client/renderer/GlStateManager/color (FFFF)V[4439,4444]::color->func_179131_c
Rename field net/minecraft/client/gui/inventory/GuiContainer/inventorySlots[4512,4526]::inventorySlots->field_147002_h
Rename field net/minecraft/inventory/Container/inventorySlots[4527,4541]::inventorySlots->field_75151_b
Rename field net/minecraft/client/gui/inventory/GuiContainer/inventorySlots[4581,4595]::inventorySlots->field_147002_h
Rename field net/minecraft/inventory/Container/inventorySlots[4596,4610]::inventorySlots->field_75151_b
Rename method net/minecraft/inventory/Slot/isEnabled ()Z[4637,4646]::isEnabled->func_111238_b
Rename method net/minecraft/inventory/Slot/isEnabled ()Z[4759,4768]::isEnabled->func_111238_b
Rename method net/minecraft/client/renderer/GlStateManager/disableLighting ()V[4836,4851]::disableLighting->func_179140_f
Rename method net/minecraft/client/renderer/GlStateManager/disableDepth ()V[4877,4889]::disableDepth->func_179097_i
Rename field net/minecraft/inventory/Slot/xPos[4917,4921]::xPos->field_75223_e
Rename field net/minecraft/inventory/Slot/yPos[4955,4959]::yPos->field_75221_f
Rename method net/minecraft/client/renderer/GlStateManager/colorMask (ZZZZ)V[4994,5003]::colorMask->func_179135_a
Rename method net/minecraft/client/gui/Gui/drawGradientRect (IIIIII)V[5048,5064]::drawGradientRect->func_73733_a
Rename method net/minecraft/client/renderer/GlStateManager/colorMask (ZZZZ)V[5138,5147]::colorMask->func_179135_a
Rename method net/minecraft/client/renderer/GlStateManager/enableLighting ()V[5201,5215]::enableLighting->func_179145_e
Rename method net/minecraft/client/renderer/GlStateManager/enableDepth ()V[5242,5253]::enableDepth->func_179126_j
Rename method net/minecraft/client/renderer/RenderHelper/disableStandardItemLighting ()V[5295,5322]::disableStandardItemLighting->func_74518_a
Rename method net/minecraft/client/gui/inventory/GuiContainer/drawGuiContainerForegroundLayer (II)V[5321,5352]::drawGuiContainerForegroundLayer->func_146979_b
Rename method net/minecraft/client/renderer/RenderHelper/enableGUIStandardItemLighting ()V[5370,5399]::enableGUIStandardItemLighting->func_74520_c
Rename field net/minecraft/client/gui/GuiScreen/mc[5584,5586]::mc->field_146297_k
Rename field net/minecraft/client/Minecraft/player[5599,5605]::player->field_71439_g
Rename field net/minecraft/entity/player/EntityPlayer/inventory[5613,5622]::inventory->field_71071_by
Rename method net/minecraft/item/ItemStack/isEmpty ()Z[5674,5681]::isEmpty->func_190926_b
Rename method net/minecraft/entity/player/InventoryPlayer/getItemStack ()Lnet/minecraft/item/ItemStack;[5708,5720]::getItemStack->func_70445_o
Rename method net/minecraft/item/ItemStack/isEmpty ()Z[5766,5773]::isEmpty->func_190926_b
Rename method net/minecraft/item/ItemStack/isEmpty ()Z[5838,5845]::isEmpty->func_190926_b
Rename method net/minecraft/item/ItemStack/isEmpty ()Z[5920,5927]::isEmpty->func_190926_b
Rename method net/minecraft/item/ItemStack/copy ()Lnet/minecraft/item/ItemStack;[5996,6000]::copy->func_77946_l
Rename method net/minecraft/item/ItemStack/setCount (I)V[6031,6039]::setCount->func_190920_e
Rename method net/minecraft/util/math/MathHelper/ceil (F)I[6056,6060]::ceil->func_76123_f
Rename method net/minecraft/item/ItemStack/getCount ()I[6086,6094]::getCount->func_190916_E
Rename field net/minecraft/client/gui/inventory/GuiContainer/dragSplitting[6135,6148]::dragSplitting->field_147007_t
Rename field net/minecraft/client/gui/inventory/GuiContainer/dragSplittingSlots[6158,6176]::dragSplittingSlots->field_147008_s
Rename method net/minecraft/item/ItemStack/copy ()Lnet/minecraft/item/ItemStack;[6218,6222]::copy->func_77946_l
Rename method net/minecraft/item/ItemStack/setCount (I)V[6253,6261]::setCount->func_190920_e
Rename method net/minecraft/item/ItemStack/isEmpty ()Z[6320,6327]::isEmpty->func_190926_b
Rename method net/minecraft/item/ItemStack/isEmpty ()Z[6523,6530]::isEmpty->func_190926_b
Rename method net/minecraft/client/Minecraft/getSystemTime ()J[6577,6590]::getSystemTime->func_71386_F
Rename field net/minecraft/item/ItemStack/EMPTY[6715,6720]::EMPTY->field_190927_a
Rename field net/minecraft/inventory/Slot/xPos[6786,6790]::xPos->field_75223_e
Rename field net/minecraft/inventory/Slot/yPos[6861,6865]::yPos->field_75221_f
Rename method net/minecraft/client/renderer/GlStateManager/popMatrix ()V[7091,7100]::popMatrix->func_179121_F
Rename method net/minecraft/client/renderer/GlStateManager/enableLighting ()V[7128,7142]::enableLighting->func_179145_e
Rename method net/minecraft/client/renderer/GlStateManager/enableDepth ()V[7165,7176]::enableDepth->func_179126_j
Rename method net/minecraft/client/renderer/RenderHelper/enableStandardItemLighting ()V[7200,7226]::enableStandardItemLighting->func_74519_b
Rename method net/minecraft/client/gui/inventory/GuiContainer/renderHoveredToolTip (II)V[7228,7248]::renderHoveredToolTip->func_191948_b
Rename method net/minecraft/client/gui/inventory/GuiContainer/renderHoveredToolTip (II)V[7297,7317]::renderHoveredToolTip->func_191948_b
Rename field net/minecraft/client/gui/GuiScreen/mc[7361,7363]::mc->field_146297_k
Rename field net/minecraft/client/Minecraft/player[7376,7382]::player->field_71439_g
Rename field net/minecraft/entity/player/EntityPlayer/inventory[7390,7399]::inventory->field_71071_by
Rename method net/minecraft/entity/player/InventoryPlayer/getItemStack ()Lnet/minecraft/item/ItemStack;[7405,7417]::getItemStack->func_70445_o
Rename method net/minecraft/item/ItemStack/isEmpty ()Z[7420,7427]::isEmpty->func_190926_b
Rename method net/minecraft/inventory/Slot/getHasStack ()Z[7484,7495]::getHasStack->func_75216_d
Rename method net/minecraft/client/gui/GuiScreen/renderToolTip (Lnet/minecraft/item/ItemStack;II)V[7514,7527]::renderToolTip->func_146285_a
Rename method net/minecraft/inventory/Slot/getStack ()Lnet/minecraft/item/ItemStack;[7545,7553]::getStack->func_75211_c
Rename method net/minecraft/client/renderer/GlStateManager/translate (FFF)V[7701,7710]::translate->func_179109_b
Rename field net/minecraft/client/gui/Gui/zLevel[7745,7751]::zLevel->field_73735_i
Rename field net/minecraft/client/gui/GuiScreen/itemRender[7779,7789]::itemRender->field_146296_j
Rename field net/minecraft/client/renderer/RenderItem/zLevel[7794,7800]::zLevel->field_77023_b
Rename field net/minecraft/client/gui/GuiScreen/itemRender[7866,7876]::itemRender->field_146296_j
Rename field net/minecraft/client/renderer/RenderItem/zLevel[7881,7887]::zLevel->field_77023_b
Rename method net/minecraft/item/ItemStack/getItem ()Lnet/minecraft/item/Item;[7953,7960]::getItem->func_77973_b
Rename field net/minecraft/client/gui/GuiScreen/fontRenderer[8022,8034]::fontRenderer->field_146289_q
Rename field net/minecraft/client/gui/GuiScreen/itemRender[8048,8058]::itemRender->field_146296_j
Rename method net/minecraft/client/renderer/RenderItem/renderItemAndEffectIntoGUI (Lnet/minecraft/item/ItemStack;II)V[8063,8089]::renderItemAndEffectIntoGUI->func_180450_b
Rename field net/minecraft/client/gui/GuiScreen/itemRender[8101,8111]::itemRender->field_146296_j
Rename method net/minecraft/client/renderer/RenderItem/renderItemOverlayIntoGUI (Lnet/minecraft/client/gui/FontRenderer;Lnet/minecraft/item/ItemStack;IILjava/lang/String;)V[8116,8140]::renderItemOverlayIntoGUI->func_180453_a
Rename method net/minecraft/item/ItemStack/isEmpty ()Z[8169,8176]::isEmpty->func_190926_b
Rename field net/minecraft/client/gui/Gui/zLevel[8215,8221]::zLevel->field_73735_i
Rename field net/minecraft/client/gui/GuiScreen/itemRender[8247,8257]::itemRender->field_146296_j
Rename field net/minecraft/client/renderer/RenderItem/zLevel[8262,8268]::zLevel->field_77023_b
Rename field net/minecraft/client/gui/GuiScreen/itemRender[8332,8342]::itemRender->field_146296_j
Rename field net/minecraft/client/renderer/RenderItem/zLevel[8347,8353]::zLevel->field_77023_b
Rename field net/minecraft/inventory/Slot/xPos[8430,8434]::xPos->field_75223_e
Rename field net/minecraft/inventory/Slot/yPos[8465,8469]::yPos->field_75221_f
Rename method net/minecraft/inventory/Slot/getStack ()Lnet/minecraft/item/ItemStack;[8514,8522]::getStack->func_75211_c
Rename method net/minecraft/item/ItemStack/isEmpty ()Z[8627,8634]::isEmpty->func_190926_b
Rename field net/minecraft/client/gui/GuiScreen/mc[8704,8706]::mc->field_146297_k
Rename field net/minecraft/client/Minecraft/player[8719,8725]::player->field_71439_g
Rename field net/minecraft/entity/player/EntityPlayer/inventory[8733,8742]::inventory->field_71071_by
Rename method net/minecraft/entity/player/InventoryPlayer/getItemStack ()Lnet/minecraft/item/ItemStack;[8748,8760]::getItemStack->func_70445_o
Rename method net/minecraft/item/ItemStack/isEmpty ()Z[8846,8853]::isEmpty->func_190926_b
Rename method net/minecraft/item/ItemStack/isEmpty ()Z[8902,8909]::isEmpty->func_190926_b
Rename method net/minecraft/item/ItemStack/copy ()Lnet/minecraft/item/ItemStack;[8950,8954]::copy->func_77946_l
Rename method net/minecraft/item/ItemStack/setCount (I)V[8983,8991]::setCount->func_190920_e
Rename method net/minecraft/item/ItemStack/getCount ()I[9007,9015]::getCount->func_190916_E
Rename field net/minecraft/client/gui/inventory/GuiContainer/dragSplitting[9050,9063]::dragSplitting->field_147007_t
Rename field net/minecraft/client/gui/inventory/GuiContainer/dragSplittingSlots[9073,9091]::dragSplittingSlots->field_147008_s
Rename method net/minecraft/item/ItemStack/isEmpty ()Z[9120,9127]::isEmpty->func_190926_b
Rename field net/minecraft/client/gui/inventory/GuiContainer/dragSplittingSlots[9155,9173]::dragSplittingSlots->field_147008_s
Rename field net/minecraft/client/gui/inventory/GuiContainer/inventorySlots[9275,9289]::inventorySlots->field_147002_h
Rename method net/minecraft/inventory/Container/canDragIntoSlot (Lnet/minecraft/inventory/Slot;)Z[9290,9305]::canDragIntoSlot->func_94531_b
Rename method net/minecraft/item/ItemStack/copy ()Lnet/minecraft/item/ItemStack;[9346,9350]::copy->func_77946_l
Rename method net/minecraft/inventory/Container/computeStackSize (Ljava/util/Set;ILnet/minecraft/item/ItemStack;I)V[9403,9419]::computeStackSize->func_94525_a
Rename field net/minecraft/client/gui/inventory/GuiContainer/dragSplittingSlots[9421,9439]::dragSplittingSlots->field_147008_s
Rename method net/minecraft/inventory/Slot/getStack ()Lnet/minecraft/item/ItemStack;[9480,9488]::getStack->func_75211_c
Rename method net/minecraft/item/ItemStack/isEmpty ()Z[9495,9502]::isEmpty->func_190926_b
Rename method net/minecraft/inventory/Slot/getStack ()Lnet/minecraft/item/ItemStack;[9524,9532]::getStack->func_75211_c
Rename method net/minecraft/item/ItemStack/getCount ()I[9539,9547]::getCount->func_190916_E
Rename method net/minecraft/inventory/Slot/getItemStackLimit (Lnet/minecraft/item/ItemStack;)I[9581,9598]::getItemStackLimit->func_178170_b
Rename method net/minecraft/item/ItemStack/getCount ()I[9632,9640]::getCount->func_190916_E
Rename method net/minecraft/item/ItemStack/setCount (I)V[9729,9737]::setCount->func_190920_e
Rename field net/minecraft/client/gui/inventory/GuiContainer/dragSplittingSlots[9788,9806]::dragSplittingSlots->field_147008_s
Rename field net/minecraft/client/gui/Gui/zLevel[9884,9890]::zLevel->field_73735_i
Rename field net/minecraft/client/gui/GuiScreen/itemRender[9918,9928]::itemRender->field_146296_j
Rename field net/minecraft/client/renderer/RenderItem/zLevel[9933,9939]::zLevel->field_77023_b
Rename method net/minecraft/item/ItemStack/isEmpty ()Z[9978,9985]::isEmpty->func_190926_b
Rename method net/minecraft/inventory/Slot/isEnabled ()Z[10004,10013]::isEnabled->func_111238_b
Rename method net/minecraft/client/renderer/GlStateManager/disableLighting ()V[10167,10182]::disableLighting->func_179140_f
Rename field net/minecraft/client/gui/GuiScreen/mc[10198,10200]::mc->field_146297_k
Rename method net/minecraft/client/Minecraft/getTextureManager ()Lnet/minecraft/client/renderer/texture/TextureManager;[10213,10230]::getTextureManager->func_110434_K
Rename method net/minecraft/client/renderer/texture/TextureManager/bindTexture (Lnet/minecraft/util/ResourceLocation;)V[10229,10240]::bindTexture->func_110577_a
Rename method net/minecraft/client/gui/Gui/drawTexturedModalRect (IILnet/minecraft/client/renderer/texture/TextureAtlasSprite;II)V[10290,10311]::drawTexturedModalRect->func_175175_a
Rename method net/minecraft/client/renderer/GlStateManager/enableLighting ()V[10363,10377]::enableLighting->func_179145_e
Rename method net/minecraft/client/gui/Gui/drawRect (IIIII)V[10468,10476]::drawRect->func_73734_a
Rename method net/minecraft/client/renderer/GlStateManager/enableDepth ()V[10550,10561]::enableDepth->func_179126_j
Rename field net/minecraft/client/gui/GuiScreen/itemRender[10579,10589]::itemRender->field_146296_j
Rename method net/minecraft/client/renderer/RenderItem/renderItemAndEffectIntoGUI (Lnet/minecraft/entity/EntityLivingBase;Lnet/minecraft/item/ItemStack;II)V[10594,10620]::renderItemAndEffectIntoGUI->func_184391_a
Rename field net/minecraft/client/gui/GuiScreen/mc[10613,10615]::mc->field_146297_k
Rename field net/minecraft/client/Minecraft/player[10628,10634]::player->field_71439_g
Rename field net/minecraft/client/gui/GuiScreen/itemRender[10711,10721]::itemRender->field_146296_j
Rename field net/minecraft/client/renderer/RenderItem/zLevel[10726,10732]::zLevel->field_77023_b
Rename field net/minecraft/client/gui/GuiScreen/fontRenderer[10850,10862]::fontRenderer->field_146289_q
Rename field net/minecraft/client/gui/GuiScreen/itemRender[10917,10927]::itemRender->field_146296_j
Rename method net/minecraft/client/renderer/RenderItem/renderItemOverlayIntoGUI (Lnet/minecraft/client/gui/FontRenderer;Lnet/minecraft/item/ItemStack;IILjava/lang/String;)V[10932,10956]::renderItemOverlayIntoGUI->func_180453_a
Rename field net/minecraft/client/gui/GuiScreen/fontRenderer[10951,10963]::fontRenderer->field_146289_q
Rename field net/minecraft/client/gui/GuiScreen/itemRender[11016,11026]::itemRender->field_146296_j
Rename field net/minecraft/client/renderer/RenderItem/zLevel[11031,11037]::zLevel->field_77023_b
Rename field net/minecraft/client/gui/Gui/zLevel[11063,11069]::zLevel->field_73735_i
Rename field net/minecraft/client/gui/GuiScreen/itemRender[11133,11143]::itemRender->field_146296_j
Rename field net/minecraft/client/renderer/RenderItem/zLevel[11148,11154]::zLevel->field_77023_b
Rename field net/minecraft/client/gui/GuiScreen/mc[11243,11245]::mc->field_146297_k
Rename field net/minecraft/client/Minecraft/player[11258,11264]::player->field_71439_g
Rename field net/minecraft/entity/player/EntityPlayer/inventory[11272,11281]::inventory->field_71071_by
Rename method net/minecraft/entity/player/InventoryPlayer/getItemStack ()Lnet/minecraft/item/ItemStack;[11287,11299]::getItemStack->func_70445_o
Rename method net/minecraft/item/ItemStack/isEmpty ()Z[11325,11332]::isEmpty->func_190926_b
Rename field net/minecraft/client/gui/inventory/GuiContainer/dragSplitting[11349,11362]::dragSplitting->field_147007_t
Rename method net/minecraft/item/ItemStack/getMaxStackSize ()I[11457,11472]::getMaxStackSize->func_77976_d
Rename method net/minecraft/item/ItemStack/getCount ()I[11536,11544]::getCount->func_190916_E
Rename field net/minecraft/client/gui/inventory/GuiContainer/dragSplittingSlots[11586,11604]::dragSplittingSlots->field_147008_s
Rename method net/minecraft/item/ItemStack/copy ()Lnet/minecraft/item/ItemStack;[11648,11652]::copy->func_77946_l
Rename method net/minecraft/inventory/Slot/getStack ()Lnet/minecraft/item/ItemStack;[11703,11711]::getStack->func_75211_c
Rename method net/minecraft/item/ItemStack/isEmpty ()Z[11749,11756]::isEmpty->func_190926_b
Rename method net/minecraft/item/ItemStack/getCount ()I[11782,11790]::getCount->func_190916_E
Rename method net/minecraft/inventory/Container/computeStackSize (Ljava/util/Set;ILnet/minecraft/item/ItemStack;I)V[11820,11836]::computeStackSize->func_94525_a
Rename field net/minecraft/client/gui/inventory/GuiContainer/dragSplittingSlots[11838,11856]::dragSplittingSlots->field_147008_s
Rename method net/minecraft/inventory/Slot/getItemStackLimit (Lnet/minecraft/item/ItemStack;)I[12016,12033]::getItemStackLimit->func_178170_b
Rename method net/minecraft/item/ItemStack/getCount ()I[12071,12079]::getCount->func_190916_E
Rename method net/minecraft/item/ItemStack/setCount (I)V[12118,12126]::setCount->func_190920_e
Rename method net/minecraft/item/ItemStack/getCount ()I[12202,12210]::getCount->func_190916_E
Rename field net/minecraft/client/gui/inventory/GuiContainer/inventorySlots[12337,12351]::inventorySlots->field_147002_h
Rename field net/minecraft/inventory/Container/inventorySlots[12352,12366]::inventorySlots->field_75151_b
Rename field net/minecraft/client/gui/inventory/GuiContainer/inventorySlots[12405,12419]::inventorySlots->field_147002_h
Rename field net/minecraft/inventory/Container/inventorySlots[12420,12434]::inventorySlots->field_75151_b
Rename method net/minecraft/inventory/Slot/isEnabled ()Z[12496,12505]::isEnabled->func_111238_b
Rename method net/minecraft/client/gui/GuiScreen/mouseClicked (III)V[12611,12623]::mouseClicked->func_73864_a
Rename field net/minecraft/client/gui/GuiScreen/buttonList[12747,12757]::buttonList->field_146292_n
Rename field net/minecraft/client/gui/GuiScreen/buttonList[12813,12823]::buttonList->field_146292_n
Rename method net/minecraft/client/gui/GuiButton/mousePressed (Lnet/minecraft/client/Minecraft;II)Z[12861,12873]::mousePressed->func_146116_c
Rename field net/minecraft/client/gui/GuiScreen/mc[12880,12882]::mc->field_146297_k
Rename field net/minecraft/client/gui/GuiScreen/buttonList[13104,13114]::buttonList->field_146292_n
Rename field net/minecraft/client/gui/GuiScreen/selectedButton[13265,13279]::selectedButton->field_146290_a
Rename method net/minecraft/client/gui/GuiButton/playPressSound (Lnet/minecraft/client/audio/SoundHandler;)V[13314,13328]::playPressSound->func_146113_a
Rename field net/minecraft/client/gui/GuiScreen/mc[13333,13335]::mc->field_146297_k
Rename method net/minecraft/client/Minecraft/getSoundHandler ()Lnet/minecraft/client/audio/SoundHandler;[13348,13363]::getSoundHandler->func_147118_V
Rename method net/minecraft/client/gui/GuiScreen/actionPerformed (Lnet/minecraft/client/gui/GuiButton;)V[13382,13397]::actionPerformed->func_146284_a
Rename field net/minecraft/client/gui/GuiScreen/mc[13440,13442]::mc->field_146297_k
Rename field net/minecraft/client/Minecraft/currentScreen[13455,13468]::currentScreen->field_71462_r
Rename field net/minecraft/client/gui/GuiScreen/buttonList[13647,13657]::buttonList->field_146292_n
Rename field net/minecraft/client/gui/GuiScreen/mc[13719,13721]::mc->field_146297_k
Rename field net/minecraft/client/Minecraft/gameSettings[13734,13746]::gameSettings->field_71474_y
Rename field net/minecraft/client/settings/GameSettings/keyBindPickBlock[13748,13764]::keyBindPickBlock->field_74322_I
Rename method net/minecraft/client/Minecraft/getSystemTime ()J[13882,13895]::getSystemTime->func_71386_F
Rename field net/minecraft/client/gui/inventory/GuiContainer/guiLeft[14134,14141]::guiLeft->field_147003_i
Rename field net/minecraft/client/gui/inventory/GuiContainer/guiTop[14170,14176]::guiTop->field_147009_r
Rename method net/minecraft/client/gui/inventory/GuiContainer/hasClickedOutside (IIII)Z[14214,14231]::hasClickedOutside->func_193983_c
Rename field net/minecraft/inventory/Slot/slotNumber[14433,14443]::slotNumber->field_75222_d
Rename field net/minecraft/client/gui/GuiScreen/mc[14525,14527]::mc->field_146297_k
Rename field net/minecraft/client/Minecraft/gameSettings[14540,14552]::gameSettings->field_71474_y
Rename field net/minecraft/client/settings/GameSettings/touchscreen[14554,14565]::touchscreen->field_85185_A
Rename field net/minecraft/client/gui/GuiScreen/mc[14585,14587]::mc->field_146297_k
Rename field net/minecraft/client/Minecraft/player[14600,14606]::player->field_71439_g
Rename field net/minecraft/entity/player/EntityPlayer/inventory[14614,14623]::inventory->field_71071_by
Rename method net/minecraft/entity/player/InventoryPlayer/getItemStack ()Lnet/minecraft/item/ItemStack;[14629,14641]::getItemStack->func_70445_o
Rename method net/minecraft/item/ItemStack/isEmpty ()Z[14644,14651]::isEmpty->func_190926_b
Rename field net/minecraft/client/gui/GuiScreen/mc[14677,14679]::mc->field_146297_k
Rename method net/minecraft/client/Minecraft/displayGuiScreen (Lnet/minecraft/client/gui/GuiScreen;)V[14692,14708]::displayGuiScreen->func_147108_a
Rename field net/minecraft/client/gui/GuiScreen/mc[14781,14783]::mc->field_146297_k
Rename field net/minecraft/client/Minecraft/gameSettings[14796,14808]::gameSettings->field_71474_y
Rename field net/minecraft/client/settings/GameSettings/touchscreen[14810,14821]::touchscreen->field_85185_A
Rename method net/minecraft/inventory/Slot/getHasStack ()Z[14863,14874]::getHasStack->func_75216_d
Rename field net/minecraft/item/ItemStack/EMPTY[14962,14967]::EMPTY->field_190927_a
Rename field net/minecraft/client/gui/inventory/GuiContainer/dragSplitting[15131,15144]::dragSplitting->field_147007_t
Rename field net/minecraft/client/gui/GuiScreen/mc[15169,15171]::mc->field_146297_k
Rename field net/minecraft/client/Minecraft/player[15184,15190]::player->field_71439_g
Rename field net/minecraft/entity/player/EntityPlayer/inventory[15198,15207]::inventory->field_71071_by
Rename method net/minecraft/entity/player/InventoryPlayer/getItemStack ()Lnet/minecraft/item/ItemStack;[15213,15225]::getItemStack->func_70445_o
Rename method net/minecraft/item/ItemStack/isEmpty ()Z[15228,15235]::isEmpty->func_190926_b
Rename field net/minecraft/client/gui/GuiScreen/mc[15269,15271]::mc->field_146297_k
Rename field net/minecraft/client/Minecraft/gameSettings[15284,15296]::gameSettings->field_71474_y
Rename field net/minecraft/client/settings/GameSettings/keyBindPickBlock[15298,15314]::keyBindPickBlock->field_74322_I
Rename method net/minecraft/client/gui/inventory/GuiContainer/handleMouseClick (Lnet/minecraft/inventory/Slot;IILnet/minecraft/inventory/ClickType;)V[15373,15389]::handleMouseClick->func_184098_a
Rename method net/minecraft/inventory/Slot/getHasStack ()Z[15692,15703]::getHasStack->func_75216_d
Rename method net/minecraft/inventory/Slot/getStack ()Lnet/minecraft/item/ItemStack;[15714,15722]::getStack->func_75211_c
Rename method net/minecraft/item/ItemStack/copy ()Lnet/minecraft/item/ItemStack;[15729,15733]::copy->func_77946_l
Rename field net/minecraft/item/ItemStack/EMPTY[15756,15761]::EMPTY->field_190927_a
Rename method net/minecraft/client/gui/inventory/GuiContainer/handleMouseClick (Lnet/minecraft/inventory/Slot;IILnet/minecraft/inventory/ClickType;)V[15947,15963]::handleMouseClick->func_184098_a
Rename field net/minecraft/client/gui/inventory/GuiContainer/dragSplitting[16090,16103]::dragSplitting->field_147007_t
Rename field net/minecraft/client/gui/inventory/GuiContainer/dragSplittingSlots[16184,16202]::dragSplittingSlots->field_147008_s
Rename field net/minecraft/client/gui/GuiScreen/mc[16408,16410]::mc->field_146297_k
Rename field net/minecraft/client/Minecraft/gameSettings[16423,16435]::gameSettings->field_71474_y
Rename field net/minecraft/client/settings/GameSettings/keyBindPickBlock[16437,16453]::keyBindPickBlock->field_74322_I
Rename method net/minecraft/client/gui/GuiScreen/mouseClickMove (IIIJ)V[16733,16747]::mouseClickMove->func_146273_a
Rename field net/minecraft/client/gui/GuiScreen/mc[16911,16913]::mc->field_146297_k
Rename field net/minecraft/client/Minecraft/player[16926,16932]::player->field_71439_g
Rename field net/minecraft/entity/player/EntityPlayer/inventory[16940,16949]::inventory->field_71071_by
Rename method net/minecraft/entity/player/InventoryPlayer/getItemStack ()Lnet/minecraft/item/ItemStack;[16955,16967]::getItemStack->func_70445_o
Rename field net/minecraft/client/gui/GuiScreen/mc[17015,17017]::mc->field_146297_k
Rename field net/minecraft/client/Minecraft/gameSettings[17030,17042]::gameSettings->field_71474_y
Rename field net/minecraft/client/settings/GameSettings/touchscreen[17044,17055]::touchscreen->field_85185_A
Rename method net/minecraft/item/ItemStack/isEmpty ()Z[17157,17164]::isEmpty->func_190926_b
Rename method net/minecraft/inventory/Slot/getStack ()Lnet/minecraft/item/ItemStack;[17237,17245]::getStack->func_75211_c
Rename method net/minecraft/item/ItemStack/isEmpty ()Z[17252,17259]::isEmpty->func_190926_b
Rename method net/minecraft/inventory/Slot/getStack ()Lnet/minecraft/item/ItemStack;[17321,17329]::getStack->func_75211_c
Rename method net/minecraft/item/ItemStack/copy ()Lnet/minecraft/item/ItemStack;[17336,17340]::copy->func_77946_l
Rename method net/minecraft/item/ItemStack/getCount ()I[17403,17411]::getCount->func_190916_E
Rename method net/minecraft/client/Minecraft/getSystemTime ()J[17524,17537]::getSystemTime->func_71386_F
Rename method net/minecraft/client/gui/inventory/GuiContainer/handleMouseClick (Lnet/minecraft/inventory/Slot;IILnet/minecraft/inventory/ClickType;)V[17669,17685]::handleMouseClick->func_184098_a
Rename field net/minecraft/inventory/Slot/slotNumber[17718,17728]::slotNumber->field_75222_d
Rename method net/minecraft/client/gui/inventory/GuiContainer/handleMouseClick (Lnet/minecraft/inventory/Slot;IILnet/minecraft/inventory/ClickType;)V[17775,17791]::handleMouseClick->func_184098_a
Rename field net/minecraft/inventory/Slot/slotNumber[17800,17810]::slotNumber->field_75222_d
Rename method net/minecraft/client/gui/inventory/GuiContainer/handleMouseClick (Lnet/minecraft/inventory/Slot;IILnet/minecraft/inventory/ClickType;)V[17857,17873]::handleMouseClick->func_184098_a
Rename field net/minecraft/inventory/Slot/slotNumber[17906,17916]::slotNumber->field_75222_d
Rename method net/minecraft/item/ItemStack/shrink (I)V[18026,18032]::shrink->func_190918_g
Rename field net/minecraft/client/gui/inventory/GuiContainer/dragSplitting[18222,18235]::dragSplitting->field_147007_t
Rename method net/minecraft/item/ItemStack/isEmpty ()Z[18267,18274]::isEmpty->func_190926_b
Rename method net/minecraft/item/ItemStack/getCount ()I[18297,18305]::getCount->func_190916_E
Rename field net/minecraft/client/gui/inventory/GuiContainer/dragSplittingSlots[18320,18338]::dragSplittingSlots->field_147008_s
Rename method net/minecraft/inventory/Slot/isItemValid (Lnet/minecraft/item/ItemStack;)Z[18426,18437]::isItemValid->func_75214_a
Rename field net/minecraft/client/gui/inventory/GuiContainer/inventorySlots[18458,18472]::inventorySlots->field_147002_h
Rename method net/minecraft/inventory/Container/canDragIntoSlot (Lnet/minecraft/inventory/Slot;)Z[18473,18488]::canDragIntoSlot->func_94531_b
Rename field net/minecraft/client/gui/inventory/GuiContainer/dragSplittingSlots[18507,18525]::dragSplittingSlots->field_147008_s
Rename method net/minecraft/client/gui/GuiScreen/mouseReleased (III)V[18613,18626]::mouseReleased->func_146286_b
Rename field net/minecraft/client/gui/GuiScreen/selectedButton[18678,18692]::selectedButton->field_146290_a
Rename field net/minecraft/client/gui/GuiScreen/selectedButton[18730,18744]::selectedButton->field_146290_a
Rename method net/minecraft/client/gui/GuiButton/mouseReleased (II)V[18745,18758]::mouseReleased->func_146118_a
Rename field net/minecraft/client/gui/GuiScreen/selectedButton[18788,18802]::selectedButton->field_146290_a
Rename field net/minecraft/client/gui/inventory/GuiContainer/guiLeft[18895,18902]::guiLeft->field_147003_i
Rename field net/minecraft/client/gui/inventory/GuiContainer/guiTop[18929,18935]::guiTop->field_147009_r
Rename method net/minecraft/client/gui/inventory/GuiContainer/hasClickedOutside (IIII)Z[18970,18987]::hasClickedOutside->func_193983_c
Rename field net/minecraft/inventory/Slot/slotNumber[19180,19190]::slotNumber->field_75222_d
Rename field net/minecraft/client/gui/inventory/GuiContainer/inventorySlots[19311,19325]::inventorySlots->field_147002_h
Rename method net/minecraft/inventory/Container/canMergeSlot (Lnet/minecraft/item/ItemStack;Lnet/minecraft/inventory/Slot;)Z[19326,19338]::canMergeSlot->func_94530_a
Rename field net/minecraft/item/ItemStack/EMPTY[19349,19354]::EMPTY->field_190927_a
Rename method net/minecraft/client/gui/GuiScreen/isShiftKeyDown ()Z[19385,19399]::isShiftKeyDown->func_146272_n
Rename method net/minecraft/item/ItemStack/isEmpty ()Z[19440,19447]::isEmpty->func_190926_b
Rename field net/minecraft/client/gui/inventory/GuiContainer/inventorySlots[19493,19507]::inventorySlots->field_147002_h
Rename field net/minecraft/inventory/Container/inventorySlots[19508,19522]::inventorySlots->field_75151_b
Rename method net/minecraft/inventory/Slot/canTakeStack (Lnet/minecraft/entity/player/EntityPlayer;)Z[19565,19577]::canTakeStack->func_82869_a
Rename field net/minecraft/client/gui/GuiScreen/mc[19583,19585]::mc->field_146297_k
Rename field net/minecraft/client/Minecraft/player[19598,19604]::player->field_71439_g
Rename method net/minecraft/inventory/Slot/getHasStack ()Z[19622,19633]::getHasStack->func_75216_d
Rename method net/minecraft/client/gui/inventory/GuiContainer/handleMouseClick (Lnet/minecraft/inventory/Slot;IILnet/minecraft/inventory/ClickType;)V[19747,19763]::handleMouseClick->func_184098_a
Rename field net/minecraft/inventory/Slot/slotNumber[19774,19784]::slotNumber->field_75222_d
Rename method net/minecraft/client/gui/inventory/GuiContainer/handleMouseClick (Lnet/minecraft/inventory/Slot;IILnet/minecraft/inventory/ClickType;)V[19888,19904]::handleMouseClick->func_184098_a
Rename field net/minecraft/client/gui/inventory/GuiContainer/dragSplitting[20047,20060]::dragSplitting->field_147007_t
Rename field net/minecraft/client/gui/inventory/GuiContainer/dragSplitting[20116,20129]::dragSplitting->field_147007_t
Rename field net/minecraft/client/gui/inventory/GuiContainer/dragSplittingSlots[20154,20172]::dragSplittingSlots->field_147008_s
Rename field net/minecraft/client/gui/GuiScreen/mc[20384,20386]::mc->field_146297_k
Rename field net/minecraft/client/Minecraft/gameSettings[20399,20411]::gameSettings->field_71474_y
Rename field net/minecraft/client/settings/GameSettings/touchscreen[20413,20424]::touchscreen->field_85185_A
Rename method net/minecraft/item/ItemStack/isEmpty ()Z[20504,20511]::isEmpty->func_190926_b
Rename method net/minecraft/inventory/Slot/getStack ()Lnet/minecraft/item/ItemStack;[20601,20609]::getStack->func_75211_c
Rename method net/minecraft/item/ItemStack/isEmpty ()Z[20756,20763]::isEmpty->func_190926_b
Rename method net/minecraft/client/gui/inventory/GuiContainer/handleMouseClick (Lnet/minecraft/inventory/Slot;IILnet/minecraft/inventory/ClickType;)V[20802,20818]::handleMouseClick->func_184098_a
Rename field net/minecraft/inventory/Slot/slotNumber[20851,20861]::slotNumber->field_75222_d
Rename method net/minecraft/client/gui/inventory/GuiContainer/handleMouseClick (Lnet/minecraft/inventory/Slot;IILnet/minecraft/inventory/ClickType;)V[20910,20926]::handleMouseClick->func_184098_a
Rename field net/minecraft/client/gui/GuiScreen/mc[20979,20981]::mc->field_146297_k
Rename field net/minecraft/client/Minecraft/player[20994,21000]::player->field_71439_g
Rename field net/minecraft/entity/player/EntityPlayer/inventory[21008,21017]::inventory->field_71071_by
Rename method net/minecraft/entity/player/InventoryPlayer/getItemStack ()Lnet/minecraft/item/ItemStack;[21023,21035]::getItemStack->func_70445_o
Rename method net/minecraft/item/ItemStack/isEmpty ()Z[21038,21045]::isEmpty->func_190926_b
Rename field net/minecraft/item/ItemStack/EMPTY[21104,21109]::EMPTY->field_190927_a
Rename method net/minecraft/client/gui/inventory/GuiContainer/handleMouseClick (Lnet/minecraft/inventory/Slot;IILnet/minecraft/inventory/ClickType;)V[21162,21178]::handleMouseClick->func_184098_a
Rename field net/minecraft/inventory/Slot/slotNumber[21211,21221]::slotNumber->field_75222_d
Rename method net/minecraft/client/Minecraft/getSystemTime ()J[21508,21521]::getSystemTime->func_71386_F
Rename method net/minecraft/item/ItemStack/isEmpty ()Z[21580,21587]::isEmpty->func_190926_b
Rename method net/minecraft/client/Minecraft/getSystemTime ()J[21845,21858]::getSystemTime->func_71386_F
Rename field net/minecraft/item/ItemStack/EMPTY[21917,21922]::EMPTY->field_190927_a
Rename field net/minecraft/client/gui/inventory/GuiContainer/dragSplitting[22003,22016]::dragSplitting->field_147007_t
Rename field net/minecraft/client/gui/inventory/GuiContainer/dragSplittingSlots[22027,22045]::dragSplittingSlots->field_147008_s
Rename method net/minecraft/client/gui/inventory/GuiContainer/handleMouseClick (Lnet/minecraft/inventory/Slot;IILnet/minecraft/inventory/ClickType;)V[22069,22085]::handleMouseClick->func_184098_a
Rename method net/minecraft/inventory/Container/getQuickcraftMask (II)I[22105,22122]::getQuickcraftMask->func_94534_d
Rename field net/minecraft/client/gui/inventory/GuiContainer/dragSplittingSlots[22205,22223]::dragSplittingSlots->field_147008_s
Rename method net/minecraft/client/gui/inventory/GuiContainer/handleMouseClick (Lnet/minecraft/inventory/Slot;IILnet/minecraft/inventory/ClickType;)V[22239,22255]::handleMouseClick->func_184098_a
Rename field net/minecraft/inventory/Slot/slotNumber[22266,22276]::slotNumber->field_75222_d
Rename method net/minecraft/inventory/Container/getQuickcraftMask (II)I[22291,22308]::getQuickcraftMask->func_94534_d
Rename method net/minecraft/client/gui/inventory/GuiContainer/handleMouseClick (Lnet/minecraft/inventory/Slot;IILnet/minecraft/inventory/ClickType;)V[22384,22400]::handleMouseClick->func_184098_a
Rename method net/minecraft/inventory/Container/getQuickcraftMask (II)I[22420,22437]::getQuickcraftMask->func_94534_d
Rename field net/minecraft/client/gui/GuiScreen/mc[22510,22512]::mc->field_146297_k
Rename field net/minecraft/client/Minecraft/player[22525,22531]::player->field_71439_g
Rename field net/minecraft/entity/player/EntityPlayer/inventory[22539,22548]::inventory->field_71071_by
Rename method net/minecraft/entity/player/InventoryPlayer/getItemStack ()Lnet/minecraft/item/ItemStack;[22554,22566]::getItemStack->func_70445_o
Rename method net/minecraft/item/ItemStack/isEmpty ()Z[22569,22576]::isEmpty->func_190926_b
Rename field net/minecraft/client/gui/GuiScreen/mc[22606,22608]::mc->field_146297_k
Rename field net/minecraft/client/Minecraft/gameSettings[22621,22633]::gameSettings->field_71474_y
Rename field net/minecraft/client/settings/GameSettings/keyBindPickBlock[22635,22651]::keyBindPickBlock->field_74322_I
Rename method net/minecraft/client/gui/inventory/GuiContainer/handleMouseClick (Lnet/minecraft/inventory/Slot;IILnet/minecraft/inventory/ClickType;)V[22700,22716]::handleMouseClick->func_184098_a
Rename method net/minecraft/inventory/Slot/getHasStack ()Z[22942,22953]::getHasStack->func_75216_d
Rename method net/minecraft/inventory/Slot/getStack ()Lnet/minecraft/item/ItemStack;[22964,22972]::getStack->func_75211_c
Rename method net/minecraft/item/ItemStack/copy ()Lnet/minecraft/item/ItemStack;[22979,22983]::copy->func_77946_l
Rename field net/minecraft/item/ItemStack/EMPTY[23006,23011]::EMPTY->field_190927_a
Rename method net/minecraft/client/gui/inventory/GuiContainer/handleMouseClick (Lnet/minecraft/inventory/Slot;IILnet/minecraft/inventory/ClickType;)V[23053,23069]::handleMouseClick->func_184098_a
Rename field net/minecraft/client/gui/GuiScreen/mc[23176,23178]::mc->field_146297_k
Rename field net/minecraft/client/Minecraft/player[23191,23197]::player->field_71439_g
Rename field net/minecraft/entity/player/EntityPlayer/inventory[23205,23214]::inventory->field_71071_by
Rename method net/minecraft/entity/player/InventoryPlayer/getItemStack ()Lnet/minecraft/item/ItemStack;[23220,23232]::getItemStack->func_70445_o
Rename method net/minecraft/item/ItemStack/isEmpty ()Z[23235,23242]::isEmpty->func_190926_b
Rename field net/minecraft/client/gui/inventory/GuiContainer/dragSplitting[23305,23318]::dragSplitting->field_147007_t
Rename method net/minecraft/client/gui/inventory/GuiContainer/isPointInRegion (IIIIII)Z[23427,23442]::isPointInRegion->func_146978_c
Rename field net/minecraft/inventory/Slot/xPos[23448,23452]::xPos->field_75223_e
Rename field net/minecraft/inventory/Slot/yPos[23470,23474]::yPos->field_75221_f
Rename method net/minecraft/client/gui/GuiScreen/keyTyped (CI)V[23548,23556]::keyTyped->func_73869_a
Rename field net/minecraft/client/gui/GuiScreen/mc[23641,23643]::mc->field_146297_k
Rename field net/minecraft/client/Minecraft/gameSettings[23656,23668]::gameSettings->field_71474_y
Rename field net/minecraft/client/settings/GameSettings/keyBindInventory[23670,23686]::keyBindInventory->field_151445_Q
Rename field net/minecraft/client/gui/GuiScreen/mc[23728,23730]::mc->field_146297_k
Rename field net/minecraft/client/Minecraft/player[23743,23749]::player->field_71439_g
Rename method net/minecraft/entity/player/EntityPlayer/closeScreen ()V[23757,23768]::closeScreen->func_71053_j
Rename method net/minecraft/client/gui/inventory/GuiContainer/checkHotbarKeys (I)Z[23792,23807]::checkHotbarKeys->func_146983_a
Rename method net/minecraft/inventory/Slot/getHasStack ()Z[23872,23883]::getHasStack->func_75216_d
Rename field net/minecraft/client/gui/GuiScreen/mc[23906,23908]::mc->field_146297_k
Rename field net/minecraft/client/Minecraft/gameSettings[23921,23933]::gameSettings->field_71474_y
Rename field net/minecraft/client/settings/GameSettings/keyBindPickBlock[23935,23951]::keyBindPickBlock->field_74322_I
Rename method net/minecraft/client/gui/inventory/GuiContainer/handleMouseClick (Lnet/minecraft/inventory/Slot;IILnet/minecraft/inventory/ClickType;)V[23994,24010]::handleMouseClick->func_184098_a
Rename field net/minecraft/inventory/Slot/slotNumber[24043,24053]::slotNumber->field_75222_d
Rename field net/minecraft/client/gui/GuiScreen/mc[24102,24104]::mc->field_146297_k
Rename field net/minecraft/client/Minecraft/gameSettings[24117,24129]::gameSettings->field_71474_y
Rename field net/minecraft/client/settings/GameSettings/keyBindDrop[24131,24142]::keyBindDrop->field_74316_C
Rename method net/minecraft/client/gui/inventory/GuiContainer/handleMouseClick (Lnet/minecraft/inventory/Slot;IILnet/minecraft/inventory/ClickType;)V[24190,24206]::handleMouseClick->func_184098_a
Rename field net/minecraft/inventory/Slot/slotNumber[24239,24249]::slotNumber->field_75222_d
Rename method net/minecraft/client/gui/GuiScreen/isCtrlKeyDown ()Z[24254,24267]::isCtrlKeyDown->func_146271_m
Rename method net/minecraft/client/gui/inventory/GuiContainer/checkHotbarKeys (I)Z[24354,24369]::checkHotbarKeys->func_146983_a
Rename field net/minecraft/client/gui/GuiScreen/mc[24397,24399]::mc->field_146297_k
Rename field net/minecraft/client/Minecraft/player[24412,24418]::player->field_71439_g
Rename field net/minecraft/entity/player/EntityPlayer/inventory[24426,24435]::inventory->field_71071_by
Rename method net/minecraft/entity/player/InventoryPlayer/getItemStack ()Lnet/minecraft/item/ItemStack;[24441,24453]::getItemStack->func_70445_o
Rename method net/minecraft/item/ItemStack/isEmpty ()Z[24456,24463]::isEmpty->func_190926_b
Rename field net/minecraft/client/gui/GuiScreen/mc[24558,24560]::mc->field_146297_k
Rename field net/minecraft/client/Minecraft/gameSettings[24573,24585]::gameSettings->field_71474_y
Rename field net/minecraft/client/settings/GameSettings/keyBindsHotbar[24587,24601]::keyBindsHotbar->field_151456_ac
Rename method net/minecraft/client/gui/inventory/GuiContainer/handleMouseClick (Lnet/minecraft/inventory/Slot;IILnet/minecraft/inventory/ClickType;)V[24653,24669]::handleMouseClick->func_184098_a
Rename field net/minecraft/inventory/Slot/slotNumber[24702,24712]::slotNumber->field_75222_d
Import: java.io.IOException
Import: com.tfar.dankstorage.client.RenderItemExtended
Import: com.tfar.dankstorage.container.AbstractAbstractDankContainer
Import: com.tfar.dankstorage.container.DankContainers
Import: com.tfar.dankstorage.inventory.DankSlot
Import: org.lwjgl.input.Keyboard
Import: net.minecraft.client.Minecraft
Import: net.minecraft.client.gui.GuiButton
Import: net.minecraft.client.gui.inventory.GuiContainer
Import: net.minecraft.client.renderer.GlStateManager
Import: net.minecraft.client.renderer.OpenGlHelper
Import: net.minecraft.client.renderer.RenderHelper
Import: net.minecraft.client.renderer.texture.TextureAtlasSprite
Import: net.minecraft.entity.player.InventoryPlayer
Import: net.minecraft.inventory.ClickType
Import: net.minecraft.inventory.Container
Import: net.minecraft.inventory.Slot
Import: net.minecraft.item.ItemStack
Import: net.minecraft.util.ResourceLocation
Import: net.minecraft.util.math.MathHelper
Import: net.minecraft.util.text.TextFormatting
Import: static com.tfar.dankstorage.container.AbstractAbstractDankContainer.canAddItemToSlot
End  Processing: com/tfar/dankstorage/screen/AbstractAbstractDankStorageScreen.java

Start Processing: com/tfar/dankstorage/screen/AbstractDankStorageScreen.java
FOUND CONSTR method com/tfar/dankstorage/screen/AbstractDankStorageScreen/AbstractDankStorageScreen (Lcom/tfar/dankstorage/container/AbstractDankContainer;Lnet/minecraft/entity/player/InventoryPlayer;Lnet/minecraft/util/ResourceLocation;)V com/tfar/dankstorage/screen/AbstractDankStorageScreen
Rename method net/minecraft/client/gui/inventory/GuiContainer/drawGuiContainerForegroundLayer (II)V[727,758]::drawGuiContainerForegroundLayer->func_146979_b
Rename method net/minecraft/client/gui/inventory/GuiContainer/drawGuiContainerForegroundLayer (II)V[778,809]::drawGuiContainerForegroundLayer->func_146979_b
Rename field net/minecraft/client/gui/GuiScreen/fontRenderer[818,830]::fontRenderer->field_146289_q
Rename method net/minecraft/client/gui/FontRenderer/drawString (Ljava/lang/String;III)I[833,843]::drawString->func_78276_b
Rename method net/minecraft/tileentity/TileEntity/getDisplayName ()Lnet/minecraft/util/text/ITextComponent;[854,868]::getDisplayName->func_145748_c_
Rename method net/minecraft/util/text/ITextComponent/getUnformattedComponentText ()Ljava/lang/String;[871,898]::getUnformattedComponentText->func_150261_e
Import: com.tfar.dankstorage.container.AbstractDankContainer
Import: com.tfar.dankstorage.tile.AbstractDankStorageTile
Import: net.minecraft.entity.player.InventoryPlayer
Import: net.minecraft.util.ResourceLocation
Import: net.minecraft.util.text.ITextComponent
End  Processing: com/tfar/dankstorage/screen/AbstractDankStorageScreen.java

Start Processing: com/tfar/dankstorage/screen/AbstractPortableDankStorageScreen.java
FOUND CONSTR method com/tfar/dankstorage/screen/AbstractPortableDankStorageScreen/AbstractPortableDankStorageScreen (Lcom/tfar/dankstorage/container/AbstractPortableDankContainer;Lnet/minecraft/entity/player/InventoryPlayer;Lnet/minecraft/util/ResourceLocation;)V com/tfar/dankstorage/screen/AbstractPortableDankStorageScreen
Rename field net/minecraft/entity/player/InventoryPlayer/player[643,649]::player->field_70458_d
Rename method net/minecraft/entity/EntityLivingBase/getHeldItemMainhand ()Lnet/minecraft/item/ItemStack;[657,676]::getHeldItemMainhand->func_184614_ca
Rename method net/minecraft/client/gui/inventory/GuiContainer/drawGuiContainerForegroundLayer (II)V[713,744]::drawGuiContainerForegroundLayer->func_146979_b
Rename method net/minecraft/client/gui/inventory/GuiContainer/drawGuiContainerForegroundLayer (II)V[764,795]::drawGuiContainerForegroundLayer->func_146979_b
Rename field net/minecraft/client/gui/GuiScreen/fontRenderer[804,816]::fontRenderer->field_146289_q
Rename method net/minecraft/client/gui/FontRenderer/drawString (Ljava/lang/String;III)I[819,829]::drawString->func_78276_b
Rename method net/minecraft/item/ItemStack/getDisplayName ()Ljava/lang/String;[841,855]::getDisplayName->func_82833_r
Import: com.tfar.dankstorage.container.AbstractPortableDankContainer
Import: net.minecraft.entity.player.InventoryPlayer
Import: net.minecraft.item.ItemStack
Import: net.minecraft.util.ResourceLocation
End  Processing: com/tfar/dankstorage/screen/AbstractPortableDankStorageScreen.java

Start Processing: com/tfar/dankstorage/screen/DankScreens.java
New Key: class com/tfar/dankstorage/container/DankContainers
FOUND CONSTR method com/tfar/dankstorage/screen/DankScreens/DankStorageScreen1/DankStorageScreen1 (Lcom/tfar/dankstorage/container/DankContainers$DankContainer1;Lnet/minecraft/entity/player/InventoryPlayer;)V com/tfar/dankstorage/screen/DankScreens/DankStorageScreen1
New Key: class com/tfar/dankstorage/container/DankContainers
New Key: class com/tfar/dankstorage/container/DankContainers
FOUND CONSTR method com/tfar/dankstorage/screen/DankScreens/DankStorageScreen2/DankStorageScreen2 (Lcom/tfar/dankstorage/container/DankContainers$DankContainer2;Lnet/minecraft/entity/player/InventoryPlayer;)V com/tfar/dankstorage/screen/DankScreens/DankStorageScreen2
New Key: class com/tfar/dankstorage/container/DankContainers
New Key: class com/tfar/dankstorage/container/DankContainers
FOUND CONSTR method com/tfar/dankstorage/screen/DankScreens/DankStorageScreen3/DankStorageScreen3 (Lcom/tfar/dankstorage/container/DankContainers$DankContainer3;Lnet/minecraft/entity/player/InventoryPlayer;)V com/tfar/dankstorage/screen/DankScreens/DankStorageScreen3
New Key: class com/tfar/dankstorage/container/DankContainers
New Key: class com/tfar/dankstorage/container/DankContainers
FOUND CONSTR method com/tfar/dankstorage/screen/DankScreens/DankStorageScreen4/DankStorageScreen4 (Lcom/tfar/dankstorage/container/DankContainers$DankContainer4;Lnet/minecraft/entity/player/InventoryPlayer;)V com/tfar/dankstorage/screen/DankScreens/DankStorageScreen4
New Key: class com/tfar/dankstorage/container/DankContainers
New Key: class com/tfar/dankstorage/container/DankContainers
FOUND CONSTR method com/tfar/dankstorage/screen/DankScreens/DankStorageScreen5/DankStorageScreen5 (Lcom/tfar/dankstorage/container/DankContainers$DankContainer5;Lnet/minecraft/entity/player/InventoryPlayer;)V com/tfar/dankstorage/screen/DankScreens/DankStorageScreen5
New Key: class com/tfar/dankstorage/container/DankContainers
New Key: class com/tfar/dankstorage/container/DankContainers
FOUND CONSTR method com/tfar/dankstorage/screen/DankScreens/DankStorageScreen6/DankStorageScreen6 (Lcom/tfar/dankstorage/container/DankContainers$DankContainer6;Lnet/minecraft/entity/player/InventoryPlayer;)V com/tfar/dankstorage/screen/DankScreens/DankStorageScreen6
New Key: class com/tfar/dankstorage/container/DankContainers
New Key: class com/tfar/dankstorage/container/DankContainers
FOUND CONSTR method com/tfar/dankstorage/screen/DankScreens/DankStorageScreen7/DankStorageScreen7 (Lcom/tfar/dankstorage/container/DankContainers$DankContainer7;Lnet/minecraft/entity/player/InventoryPlayer;)V com/tfar/dankstorage/screen/DankScreens/DankStorageScreen7
New Key: class com/tfar/dankstorage/container/DankContainers
Rename method net/minecraft/client/gui/inventory/GuiContainer/drawGuiContainerForegroundLayer (II)V[3320,3351]::drawGuiContainerForegroundLayer->func_146979_b
Rename field net/minecraft/client/gui/GuiScreen/fontRenderer[3372,3384]::fontRenderer->field_146289_q
Rename method net/minecraft/client/gui/FontRenderer/drawString (Ljava/lang/String;III)I[3387,3397]::drawString->func_78276_b
Rename method net/minecraft/world/IWorldNameable/getDisplayName ()Lnet/minecraft/util/text/ITextComponent;[3421,3435]::getDisplayName->func_145748_c_
Rename method net/minecraft/util/text/ITextComponent/getUnformattedComponentText ()Ljava/lang/String;[3438,3465]::getUnformattedComponentText->func_150261_e
Rename field net/minecraft/client/gui/inventory/GuiContainer/ySize[3463,3468]::ySize->field_147000_g
Rename field net/minecraft/client/gui/GuiScreen/fontRenderer[3508,3520]::fontRenderer->field_146289_q
Rename method net/minecraft/client/gui/FontRenderer/drawString (Ljava/lang/String;III)I[3523,3533]::drawString->func_78276_b
Rename method net/minecraft/tileentity/TileEntity/getDisplayName ()Lnet/minecraft/util/text/ITextComponent;[3544,3558]::getDisplayName->func_145748_c_
Rename method net/minecraft/util/text/ITextComponent/getUnformattedComponentText ()Ljava/lang/String;[3561,3588]::getUnformattedComponentText->func_150261_e
New Key: class com/tfar/dankstorage/container/DankContainers
FOUND CONSTR method com/tfar/dankstorage/screen/DankScreens/PortableDankStorageScreen1/PortableDankStorageScreen1 (Lcom/tfar/dankstorage/container/DankContainers$PortableDankContainer1;Lnet/minecraft/entity/player/InventoryPlayer;)V com/tfar/dankstorage/screen/DankScreens/PortableDankStorageScreen1
New Key: class com/tfar/dankstorage/container/DankContainers
New Key: class com/tfar/dankstorage/container/DankContainers
FOUND CONSTR method com/tfar/dankstorage/screen/DankScreens/PortableDankStorageScreen2/PortableDankStorageScreen2 (Lcom/tfar/dankstorage/container/DankContainers$PortableDankContainer2;Lnet/minecraft/entity/player/InventoryPlayer;)V com/tfar/dankstorage/screen/DankScreens/PortableDankStorageScreen2
New Key: class com/tfar/dankstorage/container/DankContainers
New Key: class com/tfar/dankstorage/container/DankContainers
FOUND CONSTR method com/tfar/dankstorage/screen/DankScreens/PortableDankStorageScreen3/PortableDankStorageScreen3 (Lcom/tfar/dankstorage/container/DankContainers$PortableDankContainer3;Lnet/minecraft/entity/player/InventoryPlayer;)V com/tfar/dankstorage/screen/DankScreens/PortableDankStorageScreen3
New Key: class com/tfar/dankstorage/container/DankContainers
New Key: class com/tfar/dankstorage/container/DankContainers
FOUND CONSTR method com/tfar/dankstorage/screen/DankScreens/PortableDankStorageScreen4/PortableDankStorageScreen4 (Lcom/tfar/dankstorage/container/DankContainers$PortableDankContainer4;Lnet/minecraft/entity/player/InventoryPlayer;)V com/tfar/dankstorage/screen/DankScreens/PortableDankStorageScreen4
New Key: class com/tfar/dankstorage/container/DankContainers
New Key: class com/tfar/dankstorage/container/DankContainers
FOUND CONSTR method com/tfar/dankstorage/screen/DankScreens/PortableDankStorageScreen5/PortableDankStorageScreen5 (Lcom/tfar/dankstorage/container/DankContainers$PortableDankContainer5;Lnet/minecraft/entity/player/InventoryPlayer;)V com/tfar/dankstorage/screen/DankScreens/PortableDankStorageScreen5
New Key: class com/tfar/dankstorage/container/DankContainers
New Key: class com/tfar/dankstorage/container/DankContainers
FOUND CONSTR method com/tfar/dankstorage/screen/DankScreens/PortableDankStorageScreen6/PortableDankStorageScreen6 (Lcom/tfar/dankstorage/container/DankContainers$PortableDankContainer6;Lnet/minecraft/entity/player/InventoryPlayer;)V com/tfar/dankstorage/screen/DankScreens/PortableDankStorageScreen6
New Key: class com/tfar/dankstorage/container/DankContainers
New Key: class com/tfar/dankstorage/container/DankContainers
FOUND CONSTR method com/tfar/dankstorage/screen/DankScreens/PortableDankStorageScreen7/PortableDankStorageScreen7 (Lcom/tfar/dankstorage/container/DankContainers$PortableDankContainer7;Lnet/minecraft/entity/player/InventoryPlayer;)V com/tfar/dankstorage/screen/DankScreens/PortableDankStorageScreen7
New Key: class com/tfar/dankstorage/container/DankContainers
Rename method net/minecraft/client/gui/inventory/GuiContainer/drawGuiContainerForegroundLayer (II)V[5947,5978]::drawGuiContainerForegroundLayer->func_146979_b
Rename field net/minecraft/client/gui/GuiScreen/fontRenderer[5999,6011]::fontRenderer->field_146289_q
Rename method net/minecraft/client/gui/FontRenderer/drawString (Ljava/lang/String;III)I[6014,6024]::drawString->func_78276_b
Rename method net/minecraft/world/IWorldNameable/getDisplayName ()Lnet/minecraft/util/text/ITextComponent;[6048,6062]::getDisplayName->func_145748_c_
Rename method net/minecraft/util/text/ITextComponent/getUnformattedComponentText ()Ljava/lang/String;[6065,6092]::getUnformattedComponentText->func_150261_e
Rename field net/minecraft/client/gui/inventory/GuiContainer/ySize[6090,6095]::ySize->field_147000_g
Rename field net/minecraft/client/gui/GuiScreen/fontRenderer[6135,6147]::fontRenderer->field_146289_q
Rename method net/minecraft/client/gui/FontRenderer/drawString (Ljava/lang/String;III)I[6150,6160]::drawString->func_78276_b
Rename method net/minecraft/item/ItemStack/getDisplayName ()Ljava/lang/String;[6172,6186]::getDisplayName->func_82833_r
Import: com.tfar.dankstorage.DankStorage
Import: com.tfar.dankstorage.container.DankContainers
Import: net.minecraft.entity.player.InventoryPlayer
Import: net.minecraft.util.ResourceLocation
Import: net.minecraft.util.text.ITextComponent
End  Processing: com/tfar/dankstorage/screen/DankScreens.java

Start Processing: com/tfar/dankstorage/tile/AbstractDankStorageTile.java
FOUND CONSTR method com/tfar/dankstorage/tile/AbstractDankStorageTile/AbstractDankStorageTile (II)V com/tfar/dankstorage/tile/AbstractDankStorageTile
Rename field net/minecraft/tileentity/TileEntity/world[1304,1309]::world->field_145850_b
Rename method net/minecraft/world/World/addBlockEvent (Lnet/minecraft/util/math/BlockPos;Lnet/minecraft/block/Block;II)V[1319,1332]::addBlockEvent->func_175641_c
Rename field net/minecraft/tileentity/TileEntity/pos[1362,1365]::pos->field_174879_c
Rename field net/minecraft/tileentity/TileEntity/blockType[1407,1416]::blockType->field_145854_h
Rename method net/minecraft/tileentity/TileEntity/markDirty ()V[1511,1520]::markDirty->func_70296_d
Rename method net/minecraft/tileentity/TileEntity/getDisplayName ()Lnet/minecraft/util/text/ITextComponent;[1805,1819]::getDisplayName->func_145748_c_
Rename method net/minecraft/tileentity/TileEntity/receiveClientEvent (II)Z[1959,1977]::receiveClientEvent->func_145842_c
Rename method net/minecraft/tileentity/TileEntity/markDirty ()V[2061,2070]::markDirty->func_70296_d
Rename method net/minecraft/tileentity/TileEntity/receiveClientEvent (II)Z[2131,2149]::receiveClientEvent->func_145842_c
Rename method net/minecraft/entity/player/EntityPlayer/isSpectator ()Z[2239,2250]::isSpectator->func_175149_v
Rename field net/minecraft/tileentity/TileEntity/world[2386,2391]::world->field_145850_b
Rename method net/minecraft/world/World/addBlockEvent (Lnet/minecraft/util/math/BlockPos;Lnet/minecraft/block/Block;II)V[2401,2414]::addBlockEvent->func_175641_c
Rename field net/minecraft/tileentity/TileEntity/pos[2420,2423]::pos->field_174879_c
Rename field net/minecraft/tileentity/TileEntity/blockType[2441,2450]::blockType->field_145854_h
Rename field net/minecraft/tileentity/TileEntity/world[2495,2500]::world->field_145850_b
Rename method net/minecraft/world/World/notifyNeighborsOfStateChange (Lnet/minecraft/util/math/BlockPos;Lnet/minecraft/block/Block;Z)V[2510,2538]::notifyNeighborsOfStateChange->func_175685_c
Rename field net/minecraft/tileentity/TileEntity/pos[2529,2532]::pos->field_174879_c
Rename field net/minecraft/tileentity/TileEntity/blockType[2545,2554]::blockType->field_145854_h
Rename method net/minecraft/tileentity/TileEntity/markDirty ()V[2575,2584]::markDirty->func_70296_d
Rename method net/minecraft/entity/player/EntityPlayer/isSpectator ()Z[2675,2686]::isSpectator->func_175149_v
Rename field net/minecraft/tileentity/TileEntity/blockType[2699,2708]::blockType->field_145854_h
Rename field net/minecraft/tileentity/TileEntity/world[2781,2786]::world->field_145850_b
Rename method net/minecraft/world/World/addBlockEvent (Lnet/minecraft/util/math/BlockPos;Lnet/minecraft/block/Block;II)V[2796,2809]::addBlockEvent->func_175641_c
Rename field net/minecraft/tileentity/TileEntity/pos[2815,2818]::pos->field_174879_c
Rename field net/minecraft/tileentity/TileEntity/blockType[2831,2840]::blockType->field_145854_h
Rename field net/minecraft/tileentity/TileEntity/world[2885,2890]::world->field_145850_b
Rename method net/minecraft/world/World/notifyNeighborsOfStateChange (Lnet/minecraft/util/math/BlockPos;Lnet/minecraft/block/Block;Z)V[2900,2928]::notifyNeighborsOfStateChange->func_175685_c
Rename field net/minecraft/tileentity/TileEntity/pos[2919,2922]::pos->field_174879_c
Rename field net/minecraft/tileentity/TileEntity/blockType[2940,2949]::blockType->field_145854_h
Rename method net/minecraft/tileentity/TileEntity/markDirty ()V[2970,2979]::markDirty->func_70296_d
Rename method net/minecraft/tileentity/TileEntity/readFromNBT (Lnet/minecraft/nbt/NBTTagCompound;)V[3028,3039]::readFromNBT->func_145839_a
Rename method net/minecraft/tileentity/TileEntity/readFromNBT (Lnet/minecraft/nbt/NBTTagCompound;)V[3080,3091]::readFromNBT->func_145839_a
Rename method net/minecraft/nbt/NBTTagCompound/getBoolean (Ljava/lang/String;)Z[3133,3143]::getBoolean->func_74767_n
Rename method net/minecraft/nbt/NBTTagCompound/getBoolean (Ljava/lang/String;)Z[3183,3193]::getBoolean->func_74767_n
Rename method net/minecraft/nbt/NBTTagCompound/getInteger (Ljava/lang/String;)I[3241,3251]::getInteger->func_74762_e
Rename method net/minecraft/nbt/NBTTagCompound/hasKey (Ljava/lang/String;)Z[3289,3295]::hasKey->func_74764_b
Rename method net/minecraft/nbt/NBTTagCompound/getCompoundTag (Ljava/lang/String;)Lnet/minecraft/nbt/NBTTagCompound;[3357,3371]::getCompoundTag->func_74775_l
Rename method net/minecraft/tileentity/TileEntity/writeToNBT (Lnet/minecraft/nbt/NBTTagCompound;)Lnet/minecraft/nbt/NBTTagCompound;[3552,3562]::writeToNBT->func_189515_b
Rename method net/minecraft/tileentity/TileEntity/writeToNBT (Lnet/minecraft/nbt/NBTTagCompound;)Lnet/minecraft/nbt/NBTTagCompound;[3604,3614]::writeToNBT->func_189515_b
Rename method net/minecraft/nbt/NBTTagCompound/setBoolean (Ljava/lang/String;Z)V[3643,3653]::setBoolean->func_74757_a
Rename method net/minecraft/nbt/NBTTagCompound/setBoolean (Ljava/lang/String;Z)V[3687,3697]::setBoolean->func_74757_a
Rename method net/minecraft/nbt/NBTTagCompound/setInteger (Ljava/lang/String;I)V[3732,3742]::setInteger->func_74768_a
Rename method net/minecraft/nbt/NBTTagCompound/setTag (Ljava/lang/String;Lnet/minecraft/nbt/NBTBase;)V[3789,3795]::setTag->func_74782_a
Rename method net/minecraft/tileentity/TileEntity/getUpdateTag ()Lnet/minecraft/nbt/NBTTagCompound;[4011,4023]::getUpdateTag->func_189517_E_
Rename method net/minecraft/tileentity/TileEntity/writeToNBT (Lnet/minecraft/nbt/NBTTagCompound;)Lnet/minecraft/nbt/NBTTagCompound;[4042,4052]::writeToNBT->func_189515_b
Rename method net/minecraft/tileentity/TileEntity/getUpdatePacket ()Lnet/minecraft/network/play/server/SPacketUpdateTileEntity;[4146,4161]::getUpdatePacket->func_189518_D_
Rename method net/minecraft/tileentity/TileEntity/getPos ()Lnet/minecraft/util/math/BlockPos;[4205,4211]::getPos->func_174877_v
Rename method net/minecraft/tileentity/TileEntity/getUpdateTag ()Lnet/minecraft/nbt/NBTTagCompound;[4225,4237]::getUpdateTag->func_189517_E_
Rename method net/minecraft/tileentity/TileEntity/readFromNBT (Lnet/minecraft/nbt/NBTTagCompound;)V[4348,4359]::readFromNBT->func_145839_a
Rename method net/minecraft/network/play/server/SPacketUpdateTileEntity/getNbtCompound ()Lnet/minecraft/nbt/NBTTagCompound;[4366,4380]::getNbtCompound->func_148857_g
Rename method net/minecraft/tileentity/TileEntity/markDirty ()V[4419,4428]::markDirty->func_70296_d
Rename method net/minecraft/tileentity/TileEntity/markDirty ()V[4447,4456]::markDirty->func_70296_d
Rename method net/minecraft/tileentity/TileEntity/getWorld ()Lnet/minecraft/world/World;[4472,4480]::getWorld->func_145831_w
Rename method net/minecraft/tileentity/TileEntity/getWorld ()Lnet/minecraft/world/World;[4506,4514]::getWorld->func_145831_w
Rename method net/minecraft/world/World/notifyBlockUpdate (Lnet/minecraft/util/math/BlockPos;Lnet/minecraft/block/state/IBlockState;Lnet/minecraft/block/state/IBlockState;I)V[4522,4539]::notifyBlockUpdate->func_184138_a
Rename field net/minecraft/tileentity/TileEntity/pos[4536,4539]::pos->field_174879_c
Rename method net/minecraft/tileentity/TileEntity/getWorld ()Lnet/minecraft/world/World;[4552,4560]::getWorld->func_145831_w
Rename method net/minecraft/world/IBlockAccess/getBlockState (Lnet/minecraft/util/math/BlockPos;)Lnet/minecraft/block/state/IBlockState;[4568,4581]::getBlockState->func_180495_p
Rename field net/minecraft/tileentity/TileEntity/pos[4582,4585]::pos->field_174879_c
Rename method net/minecraft/tileentity/TileEntity/getWorld ()Lnet/minecraft/world/World;[4599,4607]::getWorld->func_145831_w
Rename method net/minecraft/world/IBlockAccess/getBlockState (Lnet/minecraft/util/math/BlockPos;)Lnet/minecraft/block/state/IBlockState;[4615,4628]::getBlockState->func_180495_p
Rename field net/minecraft/tileentity/TileEntity/pos[4629,4632]::pos->field_174879_c
Rename field net/minecraft/tileentity/TileEntity/world[4662,4667]::world->field_145850_b
Rename method net/minecraft/world/World/notifyNeighborsOfStateChange (Lnet/minecraft/util/math/BlockPos;Lnet/minecraft/block/Block;Z)V[4677,4705]::notifyNeighborsOfStateChange->func_175685_c
Rename field net/minecraft/tileentity/TileEntity/pos[4696,4699]::pos->field_174879_c
Rename field net/minecraft/tileentity/TileEntity/blockType[4712,4721]::blockType->field_145854_h
Import: com.tfar.dankstorage.block.DankBlock
Import: com.tfar.dankstorage.inventory.DankHandler
Import: net.minecraft.entity.player.EntityPlayer
Import: net.minecraft.item.Item
Import: net.minecraft.nbt.NBTTagCompound
Import: net.minecraft.network.NetworkManager
Import: net.minecraft.network.play.server.SPacketUpdateTileEntity
Import: net.minecraft.tileentity.TileEntity
Import: net.minecraft.util.EnumFacing
Import: net.minecraft.util.text.ITextComponent
Import: net.minecraft.util.text.TextComponentTranslation
Import: net.minecraftforge.common.capabilities.Capability
Import: net.minecraftforge.items.CapabilityItemHandler
Import: javax.annotation.Nonnull
Import: javax.annotation.Nullable
End  Processing: com/tfar/dankstorage/tile/AbstractDankStorageTile.java

Start Processing: com/tfar/dankstorage/tile/DankTiles.java
FOUND CONSTR method com/tfar/dankstorage/tile/DankTiles/DankStorageTile1/DankStorageTile1 ()V com/tfar/dankstorage/tile/DankTiles/DankStorageTile1
Rename method net/minecraft/item/Item/getItemFromBlock (Lnet/minecraft/block/Block;)Lnet/minecraft/item/Item;[956,972]::getItemFromBlock->func_150898_a
New Key: class com/tfar/dankstorage/DankStorage
FOUND CONSTR method com/tfar/dankstorage/tile/DankTiles/DankStorageTile2/DankStorageTile2 ()V com/tfar/dankstorage/tile/DankTiles/DankStorageTile2
Rename method net/minecraft/item/Item/getItemFromBlock (Lnet/minecraft/block/Block;)Lnet/minecraft/item/Item;[1815,1831]::getItemFromBlock->func_150898_a
New Key: class com/tfar/dankstorage/DankStorage
FOUND CONSTR method com/tfar/dankstorage/tile/DankTiles/DankStorageTile3/DankStorageTile3 ()V com/tfar/dankstorage/tile/DankTiles/DankStorageTile3
Rename method net/minecraft/item/Item/getItemFromBlock (Lnet/minecraft/block/Block;)Lnet/minecraft/item/Item;[2077,2093]::getItemFromBlock->func_150898_a
New Key: class com/tfar/dankstorage/DankStorage
FOUND CONSTR method com/tfar/dankstorage/tile/DankTiles/DankStorageTile4/DankStorageTile4 ()V com/tfar/dankstorage/tile/DankTiles/DankStorageTile4
Rename method net/minecraft/item/Item/getItemFromBlock (Lnet/minecraft/block/Block;)Lnet/minecraft/item/Item;[2338,2354]::getItemFromBlock->func_150898_a
New Key: class com/tfar/dankstorage/DankStorage
FOUND CONSTR method com/tfar/dankstorage/tile/DankTiles/DankStorageTile5/DankStorageTile5 ()V com/tfar/dankstorage/tile/DankTiles/DankStorageTile5
Rename method net/minecraft/item/Item/getItemFromBlock (Lnet/minecraft/block/Block;)Lnet/minecraft/item/Item;[2599,2615]::getItemFromBlock->func_150898_a
New Key: class com/tfar/dankstorage/DankStorage
FOUND CONSTR method com/tfar/dankstorage/tile/DankTiles/DankStorageTile6/DankStorageTile6 ()V com/tfar/dankstorage/tile/DankTiles/DankStorageTile6
Rename method net/minecraft/item/Item/getItemFromBlock (Lnet/minecraft/block/Block;)Lnet/minecraft/item/Item;[2861,2877]::getItemFromBlock->func_150898_a
New Key: class com/tfar/dankstorage/DankStorage
FOUND CONSTR method com/tfar/dankstorage/tile/DankTiles/DankStorageTile7/DankStorageTile7 ()V com/tfar/dankstorage/tile/DankTiles/DankStorageTile7
Rename method net/minecraft/item/Item/getItemFromBlock (Lnet/minecraft/block/Block;)Lnet/minecraft/item/Item;[3136,3152]::getItemFromBlock->func_150898_a
New Key: class com/tfar/dankstorage/DankStorage
Import: com.tfar.dankstorage.DankStorage
Import: com.tfar.dankstorage.container.DankContainers
Import: com.tfar.dankstorage.inventory.DankHandler
Import: net.minecraft.entity.player.EntityPlayer
Import: net.minecraft.entity.player.InventoryPlayer
Import: net.minecraft.inventory.Container
Import: net.minecraft.item.Item
Import: net.minecraft.util.text.ITextComponent
Import: net.minecraft.util.text.TextComponentTranslation
Import: javax.annotation.Nullable
End  Processing: com/tfar/dankstorage/tile/DankTiles.java

Start Processing: com/tfar/dankstorage/util/DankConstants.java
End  Processing: com/tfar/dankstorage/util/DankConstants.java

Start Processing: com/tfar/dankstorage/util/Utils.java
Rename method net/minecraft/item/ItemStack/getItem ()Lnet/minecraft/item/Item;[622,629]::getItem->func_77973_b
Rename method net/minecraft/item/ItemStack/hasTagCompound ()Z[669,683]::hasTagCompound->func_77942_o
Rename method net/minecraft/item/ItemStack/getTagCompound ()Lnet/minecraft/nbt/NBTTagCompound;[691,705]::getTagCompound->func_77978_p
Rename method net/minecraft/nbt/NBTTagCompound/getBoolean (Ljava/lang/String;)Z[706,716]::getBoolean->func_74767_n
Rename method net/minecraft/item/ItemStack/getItem ()Lnet/minecraft/item/Item;[808,815]::getItem->func_77973_b
Rename method net/minecraft/item/ItemStack/hasTagCompound ()Z[855,869]::hasTagCompound->func_77942_o
Rename method net/minecraft/item/ItemStack/getTagCompound ()Lnet/minecraft/nbt/NBTTagCompound;[877,891]::getTagCompound->func_77978_p
Rename method net/minecraft/nbt/NBTTagCompound/getBoolean (Ljava/lang/String;)Z[892,902]::getBoolean->func_74767_n
Rename method net/minecraft/item/ItemStack/getItem ()Lnet/minecraft/item/Item;[996,1003]::getItem->func_77973_b
Rename method net/minecraft/item/ItemStack/hasTagCompound ()Z[1043,1057]::hasTagCompound->func_77942_o
Rename method net/minecraft/item/ItemStack/getTagCompound ()Lnet/minecraft/nbt/NBTTagCompound;[1065,1079]::getTagCompound->func_77978_p
Rename method net/minecraft/nbt/NBTTagCompound/getBoolean (Ljava/lang/String;)Z[1080,1090]::getBoolean->func_74767_n
New Key: class com/tfar/dankstorage/network/CMessageToggle
Rename method net/minecraft/nbt/NBTTagCompound/getBoolean (Ljava/lang/String;)Z[1512,1522]::getBoolean->func_74767_n
Rename method net/minecraft/entity/player/EntityPlayer/sendStatusMessage (Lnet/minecraft/util/text/ITextComponent;Z)V[1541,1558]::sendStatusMessage->func_146105_b
Rename method net/minecraft/nbt/NBTTagCompound/setBoolean (Ljava/lang/String;Z)V[1673,1683]::setBoolean->func_74757_a
Rename method net/minecraft/item/ItemStack/getTagCompound ()Lnet/minecraft/nbt/NBTTagCompound;[1787,1801]::getTagCompound->func_77978_p
Rename method net/minecraft/item/ItemStack/getTagCompound ()Lnet/minecraft/nbt/NBTTagCompound;[1841,1855]::getTagCompound->func_77978_p
Rename method net/minecraft/nbt/NBTTagCompound/getInteger (Ljava/lang/String;)I[1948,1958]::getInteger->func_74762_e
Rename method net/minecraft/nbt/NBTTagCompound/setInteger (Ljava/lang/String;I)V[2073,2083]::setInteger->func_74768_a
Rename method net/minecraft/item/ItemStack/getItem ()Lnet/minecraft/item/Item;[2879,2886]::getItem->func_77973_b
Rename method net/minecraft/util/ResourceLocation/getPath ()Ljava/lang/String;[3025,3032]::getPath->func_110623_a
Import: com.tfar.dankstorage.DankStorage
Import: com.tfar.dankstorage.block.DankItemBlock
Import: com.tfar.dankstorage.inventory.DankHandler
Import: com.tfar.dankstorage.inventory.PortableDankHandler
Import: com.tfar.dankstorage.network.CMessageToggle
Import: net.minecraft.item.ItemStack
Import: net.minecraft.nbt.NBTTagCompound
Import: net.minecraft.util.ResourceLocation
Import: net.minecraft.util.text.TextComponentTranslation
Import: net.minecraft.entity.player.EntityPlayer
End  Processing: com/tfar/dankstorage/util/Utils.java

